region,lat,lon,soil_attribute,unit,upper_depth_cm,lower_depth_cm,value,lower_uncertainty,upper_uncertainty
New South Wales,-34.5,146.5,BULK-DENSITY,g/cm3,0.0,5.0,1.3657430410385132,1.159313678741455,1.5721722841262817
New South Wales,-34.5,146.5,BULK-DENSITY,g/cm3,5.0,15.0,1.4350780248641968,1.2458209991455078,1.624334692955017
New South Wales,-34.5,146.5,BULK-DENSITY,g/cm3,15.0,30.0,1.4837241172790527,1.2872042655944824,1.6802440881729126
New South Wales,-34.5,146.5,BULK-DENSITY,g/cm3,30.0,60.0,1.4695667028427124,1.3010313510894775,1.6381020545959473
New South Wales,-34.5,146.5,BULK-DENSITY,g/cm3,60.0,100.0,1.4995465278625488,1.321164608001709,1.6779284477233887
New South Wales,-34.5,146.5,BULK-DENSITY,g/cm3,100.0,200.0,1.5355749130249023,1.369470238685608,1.7016797065734863
New South Wales,-34.5,146.5,CLAY,%,0.0,5.0,16.67460060119629,1.8173637390136719,31.531837463378906
New South Wales,-34.5,146.5,CLAY,%,5.0,15.0,18.458189010620117,2.704578399658203,34.21179962158203
New South Wales,-34.5,146.5,CLAY,%,15.0,30.0,23.792634963989258,6.937191009521484,40.64807891845703
New South Wales,-34.5,146.5,CLAY,%,30.0,60.0,29.848644256591797,12.24970817565918,47.44758224487305
New South Wales,-34.5,146.5,CLAY,%,60.0,100.0,31.55117416381836,14.54617691040039,48.55617141723633
New South Wales,-34.5,146.5,CLAY,%,100.0,200.0,30.64205551147461,12.657278060913086,48.6268310546875
New South Wales,-34.5,146.5,SAND,%,0.0,5.0,65.34877014160156,47.19158935546875,83.50595092773438
New South Wales,-34.5,146.5,SAND,%,5.0,15.0,63.435638427734375,44.783512115478516,82.0877685546875
New South Wales,-34.5,146.5,SAND,%,15.0,30.0,58.51414108276367,39.33494186401367,77.69334411621094
New South Wales,-34.5,146.5,SAND,%,30.0,60.0,51.59326934814453,32.08076477050781,71.10577392578125
New South Wales,-34.5,146.5,SAND,%,60.0,100.0,48.64720916748047,28.30548858642578,68.98892974853516
New South Wales,-34.5,146.5,SAND,%,100.0,200.0,50.525596618652344,30.122955322265625,70.92823791503906
New South Wales,-34.5,146.5,SILT,%,0.0,5.0,8.485546112060547,3.0294249057769775,16.69104766845703
New South Wales,-34.5,146.5,SILT,%,5.0,15.0,8.433341026306152,3.115187644958496,16.346282958984375
New South Wales,-34.5,146.5,SILT,%,15.0,30.0,8.097210884094238,2.9371938705444336,15.818878173828125
New South Wales,-34.5,146.5,SILT,%,30.0,60.0,7.6528401374816895,2.7097530364990234,15.105820655822754
New South Wales,-34.5,146.5,SILT,%,60.0,100.0,7.663317680358887,2.5991427898406982,15.400552749633789
New South Wales,-34.5,146.5,SILT,%,100.0,200.0,8.047202110290527,2.6805670261383057,16.29151153564453
New South Wales,-34.5,146.5,TOTAL_N,%,0.0,5.0,0.15104837715625763,0.038143571466207504,0.574355959892273
New South Wales,-34.5,146.5,TOTAL_N,%,5.0,15.0,0.12226471304893494,0.028259027749300003,0.5177045464515686
New South Wales,-34.5,146.5,TOTAL_N,%,15.0,30.0,0.07591914385557175,0.018363121896982193,0.2985345423221588
New South Wales,-34.5,146.5,TOTAL_N,%,30.0,60.0,0.0472305566072464,0.011900588870048523,0.18518689274787903
New South Wales,-34.5,146.5,TOTAL_N,%,60.0,100.0,0.03578843176364899,0.009485788643360138,0.13369497656822205
New South Wales,-34.5,146.5,TOTAL_N,%,100.0,200.0,0.029413720592856407,0.00786788109689951,0.11300837993621826
New South Wales,-34.5,146.5,TOTAL_P,%,0.0,5.0,0.029453009366989136,0.010903009213507175,0.06185301020741463
New South Wales,-34.5,146.5,TOTAL_P,%,5.0,15.0,0.02675849199295044,0.006227297242730856,0.10993213206529617
New South Wales,-34.5,146.5,TOTAL_P,%,15.0,30.0,0.023056719452142715,0.005445122718811035,0.09295651316642761
New South Wales,-34.5,146.5,TOTAL_P,%,30.0,60.0,0.021915452554821968,0.005234881769865751,0.09056123346090317
New South Wales,-34.5,146.5,TOTAL_P,%,60.0,100.0,0.02159453183412552,0.0050969198346138,0.08793377131223679
New South Wales,-34.5,146.5,TOTAL_P,%,100.0,200.0,0.018326615914702415,0.0042932177893817425,0.07567793875932693
New South Wales,-34.5,146.5,ECEC,meq/100g,0.0,5.0,8.317883491516113,1.6464207172393799,51.43792724609375
New South Wales,-34.5,146.5,ECEC,meq/100g,5.0,15.0,8.05073356628418,1.560267686843872,50.43417739868164
New South Wales,-34.5,146.5,ECEC,meq/100g,15.0,30.0,7.702480316162109,1.3998562097549438,50.97980499267578
New South Wales,-34.5,146.5,ECEC,meq/100g,30.0,60.0,7.866857051849365,1.3921855688095093,53.672176361083984
New South Wales,-34.5,146.5,ECEC,meq/100g,60.0,100.0,8.046463966369629,1.4152499437332153,57.058048248291016
New South Wales,-34.5,146.5,ECEC,meq/100g,100.0,200.0,7.969909191131592,1.257240653038025,61.133155822753906
New South Wales,-34.5,146.5,AWC,%,0.0,5.0,11.946532249450684,4.30743408203125,19.585630416870117
New South Wales,-34.5,146.5,AWC,%,5.0,15.0,12.068777084350586,4.909473419189453,19.22808074951172
New South Wales,-34.5,146.5,AWC,%,15.0,30.0,12.248651504516602,5.541868686676025,18.955434799194336
New South Wales,-34.5,146.5,AWC,%,30.0,60.0,12.171714782714844,5.290841102600098,19.052589416503906
New South Wales,-34.5,146.5,AWC,%,60.0,100.0,12.09519100189209,4.901268482208252,19.28911590576172
New South Wales,-34.5,146.5,AWC,%,100.0,200.0,11.609331130981445,2.6102914810180664,20.60837173461914
New South Wales,-34.5,146.5,PHC,None,0.0,5.0,5.333181381225586,4.5969157218933105,6.244387626647949
New South Wales,-34.5,146.5,PHC,None,5.0,15.0,5.343210220336914,4.5590996742248535,6.339263916015625
New South Wales,-34.5,146.5,PHC,None,15.0,30.0,5.5515899658203125,4.602488040924072,6.620757579803467
New South Wales,-34.5,146.5,PHC,None,30.0,60.0,5.730688571929932,4.718752861022949,6.957947731018066
New South Wales,-34.5,146.5,PHC,None,60.0,100.0,6.028952121734619,4.962529182434082,7.212375640869141
New South Wales,-34.5,146.5,PHC,None,100.0,200.0,6.237617492675781,5.112046718597412,7.689384937286377
New South Wales,-34.5,146.5,SOC,%,0.0,5.0,3.0830941200256348,0.7807307243347168,11.798636436462402
New South Wales,-34.5,146.5,SOC,%,5.0,15.0,1.992222785949707,0.5230262875556946,6.6398162841796875
New South Wales,-34.5,146.5,SOC,%,15.0,30.0,1.165593147277832,0.2972748577594757,4.159512519836426
New South Wales,-34.5,146.5,SOC,%,30.0,60.0,0.5629346370697021,0.12322244793176651,2.4497382640838623
New South Wales,-34.5,146.5,SOC,%,60.0,100.0,0.3761763274669647,0.07438616454601288,1.8638924360275269
New South Wales,-34.5,146.5,SOC,%,100.0,200.0,0.25084179639816284,0.04347182810306549,1.3166208267211914
New South Wales,-34.5,146.5,DEPTH_OF_REGOLITH,,-9999.0,-9999.0,4.652921199798584,-9999.0,-9999.0
New South Wales,-34.5,146.5,DEPTH_OF_SOIL,,-9999.0,-9999.0,0.6959657073020935,-9999.0,-9999.0
Queensland,-27.5,151.5,BULK-DENSITY,g/cm3,0.0,5.0,1.2473136186599731,1.0522416830062866,1.4423856735229492
Queensland,-27.5,151.5,BULK-DENSITY,g/cm3,5.0,15.0,1.2830926179885864,1.100620150566101,1.4655653238296509
Queensland,-27.5,151.5,BULK-DENSITY,g/cm3,15.0,30.0,1.307455062866211,1.1198679208755493,1.4950422048568726
Queensland,-27.5,151.5,BULK-DENSITY,g/cm3,30.0,60.0,1.2933069467544556,1.132725477218628,1.4538884162902832
Queensland,-27.5,151.5,BULK-DENSITY,g/cm3,60.0,100.0,1.3210368156433105,1.1511489152908325,1.4909247159957886
Queensland,-27.5,151.5,BULK-DENSITY,g/cm3,100.0,200.0,1.3528810739517212,1.1956216096878052,1.5101408958435059
Queensland,-27.5,151.5,CLAY,%,0.0,5.0,42.67544174194336,27.82794952392578,57.52293395996094
Queensland,-27.5,151.5,CLAY,%,5.0,15.0,44.40668869018555,28.673480987548828,60.139896392822266
Queensland,-27.5,151.5,CLAY,%,15.0,30.0,49.00475311279297,32.7628059387207,65.2467041015625
Queensland,-27.5,151.5,CLAY,%,30.0,60.0,52.20254898071289,35.34956741333008,69.05552673339844
Queensland,-27.5,151.5,CLAY,%,60.0,100.0,53.37786865234375,36.84965896606445,69.90608215332031
Queensland,-27.5,151.5,CLAY,%,100.0,200.0,51.79002380371094,34.3856201171875,69.19442749023438
Queensland,-27.5,151.5,SAND,%,0.0,5.0,34.4215087890625,16.240741729736328,52.60227584838867
Queensland,-27.5,151.5,SAND,%,5.0,15.0,33.18093490600586,14.49404525756836,51.86782455444336
Queensland,-27.5,151.5,SAND,%,15.0,30.0,29.34152603149414,10.07647705078125,48.60657501220703
Queensland,-27.5,151.5,SAND,%,30.0,60.0,24.872905731201172,4.923877716064453,44.82193374633789
Queensland,-27.5,151.5,SAND,%,60.0,100.0,23.728111267089844,3.626239776611328,43.82998275756836
Queensland,-27.5,151.5,SAND,%,100.0,200.0,24.661222457885742,3.7571239471435547,45.56532287597656
Queensland,-27.5,151.5,SILT,%,0.0,5.0,14.651923179626465,7.313676834106445,24.51423454284668
Queensland,-27.5,151.5,SILT,%,5.0,15.0,14.568405151367188,7.4527974128723145,24.046615600585938
Queensland,-27.5,151.5,SILT,%,15.0,30.0,14.100316047668457,7.167049407958984,23.357337951660156
Queensland,-27.5,151.5,SILT,%,30.0,60.0,13.465764999389648,6.794773101806641,22.396244049072266
Queensland,-27.5,151.5,SILT,%,60.0,100.0,13.431118965148926,6.601996898651123,22.66010284423828
Queensland,-27.5,151.5,SILT,%,100.0,200.0,13.77291202545166,6.670219898223877,23.42267608642578
Queensland,-27.5,151.5,TOTAL_N,%,0.0,5.0,0.13347187638282776,0.03310113400220871,0.482450008392334
Queensland,-27.5,151.5,TOTAL_N,%,5.0,15.0,0.12299361079931259,0.027737004682421684,0.4887445271015167
Queensland,-27.5,151.5,TOTAL_N,%,15.0,30.0,0.10387538373470306,0.02500305511057377,0.4032318890094757
Queensland,-27.5,151.5,TOTAL_N,%,30.0,60.0,0.06543929129838943,0.016295671463012695,0.24852584302425385
Queensland,-27.5,151.5,TOTAL_N,%,60.0,100.0,0.0416083000600338,0.010957548394799232,0.15264645218849182
Queensland,-27.5,151.5,TOTAL_N,%,100.0,200.0,0.030321136116981506,0.00803204532712698,0.1133330836892128
Queensland,-27.5,151.5,TOTAL_P,%,0.0,5.0,0.06771691888570786,0.04916691780090332,0.10011691600084305
Queensland,-27.5,151.5,TOTAL_P,%,5.0,15.0,0.06421583145856857,0.015027139335870743,0.26756566762924194
Queensland,-27.5,151.5,TOTAL_P,%,15.0,30.0,0.051169950515031815,0.01216920092701912,0.210055410861969
Queensland,-27.5,151.5,TOTAL_P,%,30.0,60.0,0.04360689967870712,0.010439016856253147,0.1812223196029663
Queensland,-27.5,151.5,TOTAL_P,%,60.0,100.0,0.03860443830490112,0.009351001121103764,0.1681680828332901
Queensland,-27.5,151.5,TOTAL_P,%,100.0,200.0,0.03744817525148392,0.008950603194534779,0.16284939646720886
Queensland,-27.5,151.5,ECEC,meq/100g,0.0,5.0,30.199691772460938,5.683140277862549,174.81338500976562
Queensland,-27.5,151.5,ECEC,meq/100g,5.0,15.0,29.749448776245117,5.5588579177856445,171.1575469970703
Queensland,-27.5,151.5,ECEC,meq/100g,15.0,30.0,29.299224853515625,5.106324672698975,176.4714813232422
Queensland,-27.5,151.5,ECEC,meq/100g,30.0,60.0,31.26836395263672,5.312836647033691,194.87144470214844
Queensland,-27.5,151.5,ECEC,meq/100g,60.0,100.0,33.34288787841797,5.552177906036377,209.44268798828125
Queensland,-27.5,151.5,ECEC,meq/100g,100.0,200.0,36.094486236572266,5.457081317901611,253.03958129882812
Queensland,-27.5,151.5,AWC,%,0.0,5.0,17.797161102294922,10.105844497680664,25.488475799560547
Queensland,-27.5,151.5,AWC,%,5.0,15.0,17.712507247924805,10.503177642822266,24.921836853027344
Queensland,-27.5,151.5,AWC,%,15.0,30.0,17.572513580322266,10.858041763305664,24.286985397338867
Queensland,-27.5,151.5,AWC,%,30.0,60.0,16.705869674682617,9.822073936462402,23.589664459228516
Queensland,-27.5,151.5,AWC,%,60.0,100.0,15.79477596282959,8.59787368774414,22.99167823791504
Queensland,-27.5,151.5,AWC,%,100.0,200.0,13.861857414245605,4.911714553833008,22.812000274658203
Queensland,-27.5,151.5,PHC,None,0.0,5.0,6.345658779144287,5.634406566619873,7.236237049102783
Queensland,-27.5,151.5,PHC,None,5.0,15.0,6.4303107261657715,5.6816487312316895,7.249661922454834
Queensland,-27.5,151.5,PHC,None,15.0,30.0,6.6189446449279785,5.711841106414795,7.661397933959961
Queensland,-27.5,151.5,PHC,None,30.0,60.0,7.035665035247803,6.068202495574951,8.146183967590332
Queensland,-27.5,151.5,PHC,None,60.0,100.0,7.286263942718506,6.269394874572754,8.487573623657227
Queensland,-27.5,151.5,PHC,None,100.0,200.0,7.363544940948486,6.277507781982422,8.522743225097656
Queensland,-27.5,151.5,SOC,%,0.0,5.0,1.9288896322250366,0.46207964420318604,6.8135085105896
Queensland,-27.5,151.5,SOC,%,5.0,15.0,1.5533100366592407,0.4530054032802582,5.663198471069336
Queensland,-27.5,151.5,SOC,%,15.0,30.0,1.141030192375183,0.3400576710700989,4.714086532592773
Queensland,-27.5,151.5,SOC,%,30.0,60.0,0.8555322885513306,0.21623608469963074,4.256663799285889
Queensland,-27.5,151.5,SOC,%,60.0,100.0,0.5894707441329956,0.13146357238292694,3.3578011989593506
Queensland,-27.5,151.5,SOC,%,100.0,200.0,0.4601592421531677,0.0941559448838234,2.8416225910186768
Queensland,-27.5,151.5,DEPTH_OF_REGOLITH,,-9999.0,-9999.0,26.42037010192871,-9999.0,-9999.0
Queensland,-27.5,151.5,DEPTH_OF_SOIL,,-9999.0,-9999.0,1.2467529773712158,-9999.0,-9999.0
South Australia,-34.5,138.5,BULK-DENSITY,g/cm3,0.0,5.0,1.3222436904907227,1.2484956979751587,1.3979679346084595
South Australia,-34.5,138.5,BULK-DENSITY,g/cm3,5.0,15.0,1.3544062376022339,1.2495007514953613,1.4497580528259277
South Australia,-34.5,138.5,BULK-DENSITY,g/cm3,15.0,30.0,1.3852282762527466,1.3095252513885498,1.4845494031906128
South Australia,-34.5,138.5,BULK-DENSITY,g/cm3,30.0,60.0,1.3991128206253052,1.3260529041290283,1.488377571105957
South Australia,-34.5,138.5,BULK-DENSITY,g/cm3,60.0,100.0,1.453574299812317,1.3238143920898438,1.5925750732421875
South Australia,-34.5,138.5,BULK-DENSITY,g/cm3,100.0,200.0,1.5212863683700562,1.3574154376983643,1.670265793800354
South Australia,-34.5,138.5,CLAY,%,0.0,5.0,23.882413864135742,14.27645206451416,42.52190017700195
South Australia,-34.5,138.5,CLAY,%,5.0,15.0,27.10944938659668,14.982468605041504,45.74139404296875
South Australia,-34.5,138.5,CLAY,%,15.0,30.0,33.174129486083984,19.151954650878906,52.59950637817383
South Australia,-34.5,138.5,CLAY,%,30.0,60.0,35.714664459228516,20.748123168945312,53.73199462890625
South Australia,-34.5,138.5,CLAY,%,60.0,100.0,38.568912506103516,17.908464431762695,55.821739196777344
South Australia,-34.5,138.5,CLAY,%,100.0,200.0,40.05752944946289,13.851980209350586,55.091670989990234
South Australia,-34.5,138.5,SAND,%,0.0,5.0,65.38762664794922,38.93832778930664,85.50150299072266
South Australia,-34.5,138.5,SAND,%,5.0,15.0,62.67543029785156,36.336517333984375,84.82331848144531
South Australia,-34.5,138.5,SAND,%,15.0,30.0,58.9107551574707,30.300846099853516,77.30111694335938
South Australia,-34.5,138.5,SAND,%,30.0,60.0,53.00474166870117,21.641124725341797,75.12272644042969
South Australia,-34.5,138.5,SAND,%,60.0,100.0,47.2130126953125,18.565826416015625,80.5382308959961
South Australia,-34.5,138.5,SAND,%,100.0,200.0,43.74819564819336,18.526874542236328,85.23036193847656
South Australia,-34.5,138.5,SILT,%,0.0,5.0,7.63883113861084,3.181936264038086,17.884183883666992
South Australia,-34.5,138.5,SILT,%,5.0,15.0,7.202541828155518,2.8676419258117676,17.56964111328125
South Australia,-34.5,138.5,SILT,%,15.0,30.0,7.417192459106445,3.478914976119995,16.198745727539062
South Australia,-34.5,138.5,SILT,%,30.0,60.0,7.448831081390381,3.4957568645477295,15.994965553283691
South Australia,-34.5,138.5,SILT,%,60.0,100.0,7.248515605926514,3.247293472290039,15.968916893005371
South Australia,-34.5,138.5,SILT,%,100.0,200.0,6.68142557144165,3.5060935020446777,13.6829833984375
South Australia,-34.5,138.5,TOTAL_N,%,0.0,5.0,0.10334649682044983,0.02573409304022789,0.3777834475040436
South Australia,-34.5,138.5,TOTAL_N,%,5.0,15.0,0.08867846429347992,0.020100586116313934,0.35699784755706787
South Australia,-34.5,138.5,TOTAL_N,%,15.0,30.0,0.060832805931568146,0.014632558450102806,0.2357182800769806
South Australia,-34.5,138.5,TOTAL_N,%,30.0,60.0,0.04439462721347809,0.011120198294520378,0.1712944060564041
South Australia,-34.5,138.5,TOTAL_N,%,60.0,100.0,0.03228147327899933,0.008549300022423267,0.12031709402799606
South Australia,-34.5,138.5,TOTAL_N,%,100.0,200.0,0.02601940743625164,0.006948549300432205,0.09950315207242966
South Australia,-34.5,138.5,TOTAL_P,%,0.0,5.0,0.033689823001623154,0.015139822848141193,0.06608982384204865
South Australia,-34.5,138.5,TOTAL_P,%,5.0,15.0,0.03261091560125351,0.0076013351790606976,0.13451872766017914
South Australia,-34.5,138.5,TOTAL_P,%,15.0,30.0,0.030339935794472694,0.007227602414786816,0.12509343028068542
South Australia,-34.5,138.5,TOTAL_P,%,30.0,60.0,0.025816936045885086,0.006188772618770599,0.1076745092868805
South Australia,-34.5,138.5,TOTAL_P,%,60.0,100.0,0.02490362897515297,0.005937875714153051,0.10409341752529144
South Australia,-34.5,138.5,TOTAL_P,%,100.0,200.0,0.021478258073329926,0.0050557926297187805,0.08978807926177979
South Australia,-34.5,138.5,ECEC,meq/100g,0.0,5.0,16.159517288208008,2.8663625717163086,86.66234588623047
South Australia,-34.5,138.5,ECEC,meq/100g,5.0,15.0,15.908222198486328,2.861346483230591,84.0147933959961
South Australia,-34.5,138.5,ECEC,meq/100g,15.0,30.0,15.631484985351562,2.637261152267456,87.74281311035156
South Australia,-34.5,138.5,ECEC,meq/100g,30.0,60.0,16.63016128540039,2.7249057292938232,95.8798828125
South Australia,-34.5,138.5,ECEC,meq/100g,60.0,100.0,17.699016571044922,2.8502352237701416,103.54390716552734
South Australia,-34.5,138.5,ECEC,meq/100g,100.0,200.0,19.30121612548828,2.8119356632232666,125.42583465576172
South Australia,-34.5,138.5,AWC,%,0.0,5.0,13.467309951782227,5.874740123748779,21.059879302978516
South Australia,-34.5,138.5,AWC,%,5.0,15.0,13.593188285827637,6.493937015533447,20.69243812561035
South Australia,-34.5,138.5,AWC,%,15.0,30.0,13.711084365844727,7.083536624908447,20.338632583618164
South Australia,-34.5,138.5,AWC,%,30.0,60.0,13.458113670349121,6.654796123504639,20.261430740356445
South Australia,-34.5,138.5,AWC,%,60.0,100.0,12.984111785888672,5.826971054077148,20.141252517700195
South Australia,-34.5,138.5,AWC,%,100.0,200.0,12.075788497924805,3.107093334197998,21.044483184814453
South Australia,-34.5,138.5,PHC,None,0.0,5.0,7.292858600616455,6.328334808349609,7.996609687805176
South Australia,-34.5,138.5,PHC,None,5.0,15.0,7.526516437530518,6.389779090881348,8.171293258666992
South Australia,-34.5,138.5,PHC,None,15.0,30.0,7.812479496002197,6.584539890289307,8.520480155944824
South Australia,-34.5,138.5,PHC,None,30.0,60.0,8.12229061126709,7.3947858810424805,8.708383560180664
South Australia,-34.5,138.5,PHC,None,60.0,100.0,8.372344017028809,7.931806564331055,8.815814018249512
South Australia,-34.5,138.5,PHC,None,100.0,200.0,8.418261528015137,6.411750316619873,9.4933443069458
South Australia,-34.5,138.5,SOC,%,0.0,5.0,1.3530161380767822,0.6523101329803467,2.583845853805542
South Australia,-34.5,138.5,SOC,%,5.0,15.0,1.0696802139282227,0.7016692161560059,2.189145088195801
South Australia,-34.5,138.5,SOC,%,15.0,30.0,0.6429506540298462,0.43514207005500793,1.554898977279663
South Australia,-34.5,138.5,SOC,%,30.0,60.0,0.3992232084274292,0.2219913750886917,0.985619843006134
South Australia,-34.5,138.5,SOC,%,60.0,100.0,0.23130793869495392,0.11785056442022324,0.4778735935688019
South Australia,-34.5,138.5,SOC,%,100.0,200.0,0.12010031938552856,0.06947069615125656,0.22092542052268982
South Australia,-34.5,138.5,DEPTH_OF_REGOLITH,,-9999.0,-9999.0,81.20674896240234,-9999.0,-9999.0
South Australia,-34.5,138.5,DEPTH_OF_SOIL,,-9999.0,-9999.0,0.8727959394454956,-9999.0,-9999.0
Tasmania,-42.0,147.0,BULK-DENSITY,g/cm3,0.0,5.0,1.0565729141235352,0.8072478175163269,1.3058979511260986
Tasmania,-42.0,147.0,BULK-DENSITY,g/cm3,5.0,15.0,1.128867268562317,0.8885853290557861,1.369149088859558
Tasmania,-42.0,147.0,BULK-DENSITY,g/cm3,15.0,30.0,1.2103533744812012,0.9692051410675049,1.451501488685608
Tasmania,-42.0,147.0,BULK-DENSITY,g/cm3,30.0,60.0,1.248784065246582,1.0364079475402832,1.4611601829528809
Tasmania,-42.0,147.0,BULK-DENSITY,g/cm3,60.0,100.0,1.2907317876815796,1.0659247636795044,1.5155386924743652
Tasmania,-42.0,147.0,BULK-DENSITY,g/cm3,100.0,200.0,1.3479384183883667,1.1341369152069092,1.5617399215698242
Tasmania,-42.0,147.0,CLAY,%,0.0,5.0,14.532710075378418,0.6357641220092773,28.429656982421875
Tasmania,-42.0,147.0,CLAY,%,5.0,15.0,15.66769790649414,0.5687341690063477,30.766660690307617
Tasmania,-42.0,147.0,CLAY,%,15.0,30.0,19.759151458740234,3.469137191772461,36.049163818359375
Tasmania,-42.0,147.0,CLAY,%,30.0,60.0,25.55702781677246,7.562782287597656,43.551273345947266
Tasmania,-42.0,147.0,CLAY,%,60.0,100.0,28.79883575439453,10.66978645324707,46.927886962890625
Tasmania,-42.0,147.0,CLAY,%,100.0,200.0,28.893747329711914,9.860086441040039,47.927406311035156
Tasmania,-42.0,147.0,SAND,%,0.0,5.0,51.13679885864258,33.58529281616211,68.68830871582031
Tasmania,-42.0,147.0,SAND,%,5.0,15.0,50.24391555786133,32.11845779418945,68.36936950683594
Tasmania,-42.0,147.0,SAND,%,15.0,30.0,46.907691955566406,28.14114761352539,65.67424011230469
Tasmania,-42.0,147.0,SAND,%,30.0,60.0,43.52253341674805,23.572406768798828,63.472660064697266
Tasmania,-42.0,147.0,SAND,%,60.0,100.0,44.48689270019531,22.987796783447266,65.98599243164062
Tasmania,-42.0,147.0,SAND,%,100.0,200.0,46.73200225830078,24.176387786865234,69.28761291503906
Tasmania,-42.0,147.0,SILT,%,0.0,5.0,19.312252044677734,9.862692832946777,31.907238006591797
Tasmania,-42.0,147.0,SILT,%,5.0,15.0,19.160715103149414,9.924064636230469,31.40865707397461
Tasmania,-42.0,147.0,SILT,%,15.0,30.0,18.552255630493164,9.547258377075195,30.521224975585938
Tasmania,-42.0,147.0,SILT,%,30.0,60.0,17.65037727355957,8.929926872253418,29.313262939453125
Tasmania,-42.0,147.0,SILT,%,60.0,100.0,17.350858688354492,8.496050834655762,29.333860397338867
Tasmania,-42.0,147.0,SILT,%,100.0,200.0,17.218523025512695,8.054915428161621,29.821687698364258
Tasmania,-42.0,147.0,TOTAL_N,%,0.0,5.0,0.292847603559494,0.07281944155693054,1.0663498640060425
Tasmania,-42.0,147.0,TOTAL_N,%,5.0,15.0,0.22018805146217346,0.050406746566295624,0.9093418717384338
Tasmania,-42.0,147.0,TOTAL_N,%,15.0,30.0,0.11573261022567749,0.028310323134064674,0.46902596950531006
Tasmania,-42.0,147.0,TOTAL_N,%,30.0,60.0,0.07762204855680466,0.01967591978609562,0.3093961775302887
Tasmania,-42.0,147.0,TOTAL_N,%,60.0,100.0,0.04727562889456749,0.012856577523052692,0.19014541804790497
Tasmania,-42.0,147.0,TOTAL_N,%,100.0,200.0,0.0368923656642437,0.010123352520167828,0.15261252224445343
Tasmania,-42.0,147.0,TOTAL_P,%,0.0,5.0,0.03928375616669655,0.020733756944537163,0.07168375700712204
Tasmania,-42.0,147.0,TOTAL_P,%,5.0,15.0,0.03554537147283554,0.008421705104410648,0.15292680263519287
Tasmania,-42.0,147.0,TOTAL_P,%,15.0,30.0,0.031811680644750595,0.007697584107518196,0.13665086030960083
Tasmania,-42.0,147.0,TOTAL_P,%,30.0,60.0,0.030575789511203766,0.007354365196079016,0.1286536455154419
Tasmania,-42.0,147.0,TOTAL_P,%,60.0,100.0,0.030963052064180374,0.007423114497214556,0.13127495348453522
Tasmania,-42.0,147.0,TOTAL_P,%,100.0,200.0,0.03012976050376892,0.007210703566670418,0.1314660757780075
Tasmania,-42.0,147.0,ECEC,meq/100g,0.0,5.0,20.734943389892578,4.1650776863098145,130.7364501953125
Tasmania,-42.0,147.0,ECEC,meq/100g,5.0,15.0,18.316415786743164,3.622725486755371,120.48066711425781
Tasmania,-42.0,147.0,ECEC,meq/100g,15.0,30.0,15.233052253723145,2.905503749847412,112.9412612915039
Tasmania,-42.0,147.0,ECEC,meq/100g,30.0,60.0,16.19921112060547,2.9070897102355957,114.10079193115234
Tasmania,-42.0,147.0,ECEC,meq/100g,60.0,100.0,16.026132583618164,2.7887210845947266,110.92359161376953
Tasmania,-42.0,147.0,ECEC,meq/100g,100.0,200.0,14.106261253356934,2.2225513458251953,107.92031860351562
Tasmania,-42.0,147.0,AWC,%,0.0,5.0,15.232708930969238,7.535912036895752,22.929506301879883
Tasmania,-42.0,147.0,AWC,%,5.0,15.0,15.306985855102539,8.093263626098633,22.520706176757812
Tasmania,-42.0,147.0,AWC,%,15.0,30.0,15.35755729675293,8.612815856933594,22.102298736572266
Tasmania,-42.0,147.0,AWC,%,30.0,60.0,14.718064308166504,7.829886436462402,21.606243133544922
Tasmania,-42.0,147.0,AWC,%,60.0,100.0,14.226799011230469,6.994406223297119,21.459192276000977
Tasmania,-42.0,147.0,AWC,%,100.0,200.0,13.370828628540039,4.360894203186035,22.38076400756836
Tasmania,-42.0,147.0,PHC,None,0.0,5.0,4.814587116241455,4.119002819061279,5.578309535980225
Tasmania,-42.0,147.0,PHC,None,5.0,15.0,4.765256404876709,4.013442039489746,5.684442520141602
Tasmania,-42.0,147.0,PHC,None,15.0,30.0,4.776340961456299,3.8727545738220215,5.761621475219727
Tasmania,-42.0,147.0,PHC,None,30.0,60.0,4.889160633087158,3.9374377727508545,5.964094638824463
Tasmania,-42.0,147.0,PHC,None,60.0,100.0,4.968385219573975,3.9629688262939453,6.137260437011719
Tasmania,-42.0,147.0,PHC,None,100.0,200.0,5.084855079650879,4.021816253662109,6.289162635803223
Tasmania,-42.0,147.0,SOC,%,0.0,5.0,6.993631839752197,1.614955186843872,25.79589080810547
Tasmania,-42.0,147.0,SOC,%,5.0,15.0,4.433385848999023,1.1568745374679565,15.246698379516602
Tasmania,-42.0,147.0,SOC,%,15.0,30.0,2.824888229370117,0.7395520210266113,10.623724937438965
Tasmania,-42.0,147.0,SOC,%,30.0,60.0,1.1856162548065186,0.2370961457490921,4.76096248626709
Tasmania,-42.0,147.0,SOC,%,60.0,100.0,0.7096940279006958,0.11942651122808456,3.041102886199951
Tasmania,-42.0,147.0,SOC,%,100.0,200.0,0.4466229975223541,0.07468955963850021,2.3618900775909424
Tasmania,-42.0,147.0,DEPTH_OF_REGOLITH,,-9999.0,-9999.0,0.0,-9999.0,-9999.0
Tasmania,-42.0,147.0,DEPTH_OF_SOIL,,-9999.0,-9999.0,0.8448833227157593,-9999.0,-9999.0
Victoria,-36.5,143.5,BULK-DENSITY,g/cm3,0.0,5.0,1.400390625,1.2062267065048218,1.5945544242858887
Victoria,-36.5,143.5,BULK-DENSITY,g/cm3,5.0,15.0,1.4441312551498413,1.2658048868179321,1.6224573850631714
Victoria,-36.5,143.5,BULK-DENSITY,g/cm3,15.0,30.0,1.4797455072402954,1.289914608001709,1.669576644897461
Victoria,-36.5,143.5,BULK-DENSITY,g/cm3,30.0,60.0,1.454332709312439,1.2938225269317627,1.6148426532745361
Victoria,-36.5,143.5,BULK-DENSITY,g/cm3,60.0,100.0,1.4788306951522827,1.3098946809768677,1.6477667093276978
Victoria,-36.5,143.5,BULK-DENSITY,g/cm3,100.0,200.0,1.5103176832199097,1.351084589958191,1.6695507764816284
Victoria,-36.5,143.5,CLAY,%,0.0,5.0,20.74643325805664,7.129327774047852,34.36354064941406
Victoria,-36.5,143.5,CLAY,%,5.0,15.0,23.983806610107422,9.611055374145508,38.35655975341797
Victoria,-36.5,143.5,CLAY,%,15.0,30.0,32.3139762878418,17.070453643798828,47.557498931884766
Victoria,-36.5,143.5,CLAY,%,30.0,60.0,42.01920700073242,25.70941162109375,58.329002380371094
Victoria,-36.5,143.5,CLAY,%,60.0,100.0,44.390567779541016,28.113758087158203,60.66737747192383
Victoria,-36.5,143.5,CLAY,%,100.0,200.0,43.41925811767578,25.783218383789062,61.0552978515625
Victoria,-36.5,143.5,SAND,%,0.0,5.0,66.94032287597656,48.329803466796875,85.55084228515625
Victoria,-36.5,143.5,SAND,%,5.0,15.0,64.54098510742188,45.475162506103516,83.6068115234375
Victoria,-36.5,143.5,SAND,%,15.0,30.0,58.836891174316406,39.242679595947266,78.43110656738281
Victoria,-36.5,143.5,SAND,%,30.0,60.0,49.00426483154297,28.51551055908203,69.4930191040039
Victoria,-36.5,143.5,SAND,%,60.0,100.0,41.92934799194336,21.33191680908203,62.52677917480469
Victoria,-36.5,143.5,SAND,%,100.0,200.0,43.98442077636719,22.422054290771484,65.54678344726562
Victoria,-36.5,143.5,SILT,%,0.0,5.0,11.992679595947266,5.352602005004883,21.275346755981445
Victoria,-36.5,143.5,SILT,%,5.0,15.0,11.866636276245117,5.4387311935424805,20.77069854736328
Victoria,-36.5,143.5,SILT,%,15.0,30.0,11.372932434082031,5.126668930053711,20.075246810913086
Victoria,-36.5,143.5,SILT,%,30.0,60.0,10.659300804138184,4.718908786773682,18.98703956604004
Victoria,-36.5,143.5,SILT,%,60.0,100.0,10.470929145812988,4.464107036590576,19.000181198120117
Victoria,-36.5,143.5,SILT,%,100.0,200.0,10.39033317565918,4.298612117767334,19.12748908996582
Victoria,-36.5,143.5,TOTAL_N,%,0.0,5.0,0.12941482663154602,0.03197573870420456,0.46300286054611206
Victoria,-36.5,143.5,TOTAL_N,%,5.0,15.0,0.10816361010074615,0.024466553702950478,0.4331424832344055
Victoria,-36.5,143.5,TOTAL_N,%,15.0,30.0,0.06228943541646004,0.015025538392364979,0.24318066239356995
Victoria,-36.5,143.5,TOTAL_N,%,30.0,60.0,0.0392937958240509,0.009794903919100761,0.14964012801647186
Victoria,-36.5,143.5,TOTAL_N,%,60.0,100.0,0.02754485420882702,0.007327432744204998,0.10396522283554077
Victoria,-36.5,143.5,TOTAL_N,%,100.0,200.0,0.02268889732658863,0.0060218521393835545,0.08526580780744553
Victoria,-36.5,143.5,TOTAL_P,%,0.0,5.0,0.018907291814684868,0.00035729180672205985,0.05130729079246521
Victoria,-36.5,143.5,TOTAL_P,%,5.0,15.0,0.017335768789052963,0.004025534726679325,0.07082243263721466
Victoria,-36.5,143.5,TOTAL_P,%,15.0,30.0,0.013710965402424335,0.0032347801607102156,0.055136263370513916
Victoria,-36.5,143.5,TOTAL_P,%,30.0,60.0,0.013101431541144848,0.003105908865109086,0.053090617060661316
Victoria,-36.5,143.5,TOTAL_P,%,60.0,100.0,0.013213244266808033,0.0031557639595121145,0.055469781160354614
Victoria,-36.5,143.5,TOTAL_P,%,100.0,200.0,0.012098764069378376,0.0028954411391168833,0.052788250148296356
Victoria,-36.5,143.5,ECEC,meq/100g,0.0,5.0,7.809828281402588,1.5316494703292847,47.7136344909668
Victoria,-36.5,143.5,ECEC,meq/100g,5.0,15.0,7.584511756896973,1.4597246646881104,46.737972259521484
Victoria,-36.5,143.5,ECEC,meq/100g,15.0,30.0,7.296789646148682,1.3299481868743896,48.61529541015625
Victoria,-36.5,143.5,ECEC,meq/100g,30.0,60.0,7.6943817138671875,1.3821358680725098,54.31456756591797
Victoria,-36.5,143.5,ECEC,meq/100g,60.0,100.0,8.058941841125488,1.4178184270858765,57.180809020996094
Victoria,-36.5,143.5,ECEC,meq/100g,100.0,200.0,8.181807518005371,1.2890819311141968,62.5924072265625
Victoria,-36.5,143.5,AWC,%,0.0,5.0,10.654256820678711,3.01200008392334,18.296512603759766
Victoria,-36.5,143.5,AWC,%,5.0,15.0,10.903109550476074,3.7486143112182617,18.057605743408203
Victoria,-36.5,143.5,AWC,%,15.0,30.0,11.245742797851562,4.553886413574219,17.937597274780273
Victoria,-36.5,143.5,AWC,%,30.0,60.0,11.478083610534668,4.605416297912598,18.350749969482422
Victoria,-36.5,143.5,AWC,%,60.0,100.0,11.524626731872559,4.332555770874023,18.716697692871094
Victoria,-36.5,143.5,AWC,%,100.0,200.0,11.005696296691895,2.0153157711029053,19.996076583862305
Victoria,-36.5,143.5,PHC,None,0.0,5.0,5.00719690322876,4.328934669494629,5.912428379058838
Victoria,-36.5,143.5,PHC,None,5.0,15.0,4.964640140533447,4.261567115783691,6.24851131439209
Victoria,-36.5,143.5,PHC,None,15.0,30.0,5.240705490112305,4.352876663208008,6.261087894439697
Victoria,-36.5,143.5,PHC,None,30.0,60.0,5.813049793243408,4.823218822479248,6.900494575500488
Victoria,-36.5,143.5,PHC,None,60.0,100.0,6.19935941696167,5.163559436798096,7.367175102233887
Victoria,-36.5,143.5,PHC,None,100.0,200.0,6.5951104164123535,5.501163482666016,7.880651950836182
Victoria,-36.5,143.5,SOC,%,0.0,5.0,2.8390278816223145,0.7455450296401978,11.042501449584961
Victoria,-36.5,143.5,SOC,%,5.0,15.0,1.048915982246399,0.25353696942329407,3.1736769676208496
Victoria,-36.5,143.5,SOC,%,15.0,30.0,0.5290604829788208,0.1220744401216507,1.6978167295455933
Victoria,-36.5,143.5,SOC,%,30.0,60.0,0.32791364192962646,0.070893794298172,1.410499930381775
Victoria,-36.5,143.5,SOC,%,60.0,100.0,0.21484991908073425,0.04088636115193367,1.0170036554336548
Victoria,-36.5,143.5,SOC,%,100.0,200.0,0.1399219036102295,0.023991884663701057,0.7236340641975403
Victoria,-36.5,143.5,DEPTH_OF_REGOLITH,,-9999.0,-9999.0,15.195839881896973,-9999.0,-9999.0
Victoria,-36.5,143.5,DEPTH_OF_SOIL,,-9999.0,-9999.0,0.8673100471496582,-9999.0,-9999.0
Western Australia,-31.5,118.0,BULK-DENSITY,g/cm3,0.0,5.0,1.4236798286437988,1.2786005735397339,1.5556694269180298
Western Australia,-31.5,118.0,BULK-DENSITY,g/cm3,5.0,15.0,1.4757513999938965,1.3456368446350098,1.6175211668014526
Western Australia,-31.5,118.0,BULK-DENSITY,g/cm3,15.0,30.0,1.533866286277771,1.3812570571899414,1.6830631494522095
Western Australia,-31.5,118.0,BULK-DENSITY,g/cm3,30.0,60.0,1.5688166618347168,1.4128971099853516,1.9079347848892212
Western Australia,-31.5,118.0,BULK-DENSITY,g/cm3,60.0,100.0,1.6080414056777954,1.429252028465271,2.290975332260132
Western Australia,-31.5,118.0,BULK-DENSITY,g/cm3,100.0,200.0,1.626002311706543,1.4638190269470215,2.3000781536102295
Western Australia,-31.5,118.0,CLAY,%,0.0,5.0,14.973997116088867,3.0256874561309814,26.540388107299805
Western Australia,-31.5,118.0,CLAY,%,5.0,15.0,18.158273696899414,3.3219242095947266,36.711116790771484
Western Australia,-31.5,118.0,CLAY,%,15.0,30.0,24.95806121826172,7.246841907501221,45.08768081665039
Western Australia,-31.5,118.0,CLAY,%,30.0,60.0,30.410409927368164,10.880755424499512,50.78367233276367
Western Australia,-31.5,118.0,CLAY,%,60.0,100.0,35.58771896362305,15.055877685546875,57.860107421875
Western Australia,-31.5,118.0,CLAY,%,100.0,200.0,35.558223724365234,16.85562515258789,43.436100006103516
Western Australia,-31.5,118.0,SAND,%,0.0,5.0,76.64480590820312,52.60540771484375,98.14936065673828
Western Australia,-31.5,118.0,SAND,%,5.0,15.0,71.5730972290039,50.513458251953125,97.23725891113281
Western Australia,-31.5,118.0,SAND,%,15.0,30.0,63.931827545166016,40.25868606567383,84.99723052978516
Western Australia,-31.5,118.0,SAND,%,30.0,60.0,59.68825149536133,36.229820251464844,82.37120056152344
Western Australia,-31.5,118.0,SAND,%,60.0,100.0,54.61318588256836,28.762313842773438,77.95171356201172
Western Australia,-31.5,118.0,SAND,%,100.0,200.0,55.02732849121094,37.65912628173828,83.20660400390625
Western Australia,-31.5,118.0,SILT,%,0.0,5.0,4.208427429199219,0.8327831029891968,15.34349250793457
Western Australia,-31.5,118.0,SILT,%,5.0,15.0,5.6379570960998535,0.8775138258934021,14.994988441467285
Western Australia,-31.5,118.0,SILT,%,15.0,30.0,7.35478401184082,2.123410224914551,15.10590648651123
Western Australia,-31.5,118.0,SILT,%,30.0,60.0,7.467902183532715,2.0251405239105225,14.58922004699707
Western Australia,-31.5,118.0,SILT,%,60.0,100.0,8.905205726623535,3.731567621231079,13.530348777770996
Western Australia,-31.5,118.0,SILT,%,100.0,200.0,8.828191757202148,4.101378917694092,10.855825424194336
Western Australia,-31.5,118.0,TOTAL_N,%,0.0,5.0,0.06633079797029495,0.016397947445511818,0.23766735196113586
Western Australia,-31.5,118.0,TOTAL_N,%,5.0,15.0,0.05684928223490715,0.012811774387955666,0.22551746666431427
Western Australia,-31.5,118.0,TOTAL_N,%,15.0,30.0,0.03916517272591591,0.009408265352249146,0.15123258531093597
Western Australia,-31.5,118.0,TOTAL_N,%,30.0,60.0,0.027919664978981018,0.0069616688415408134,0.10640847682952881
Western Australia,-31.5,118.0,TOTAL_N,%,60.0,100.0,0.02184053137898445,0.005750139243900776,0.08006437122821808
Western Australia,-31.5,118.0,TOTAL_N,%,100.0,200.0,0.019626688212156296,0.005189529154449701,0.07298188656568527
Western Australia,-31.5,118.0,TOTAL_P,%,0.0,5.0,0.012533632107079029,-0.006016368046402931,0.044933632016181946
Western Australia,-31.5,118.0,TOTAL_P,%,5.0,15.0,0.011564542539417744,0.002705453196540475,0.04815065115690231
Western Australia,-31.5,118.0,TOTAL_P,%,15.0,30.0,0.010041972622275352,0.0023974920623004436,0.04164202883839607
Western Australia,-31.5,118.0,TOTAL_P,%,30.0,60.0,0.009515047073364258,0.002284942427650094,0.03986717760562897
Western Australia,-31.5,118.0,TOTAL_P,%,60.0,100.0,0.009324738755822182,0.002229689620435238,0.03926605358719826
Western Australia,-31.5,118.0,TOTAL_P,%,100.0,200.0,0.00907755084335804,0.0021619803737848997,0.03911281004548073
Western Australia,-31.5,118.0,ECEC,meq/100g,0.0,5.0,8.443214416503906,1.5335298776626587,46.68040466308594
Western Australia,-31.5,118.0,ECEC,meq/100g,5.0,15.0,8.256203651428223,1.5059659481048584,44.9796257019043
Western Australia,-31.5,118.0,ECEC,meq/100g,15.0,30.0,8.05051326751709,1.3729504346847534,46.247161865234375
Western Australia,-31.5,118.0,ECEC,meq/100g,30.0,60.0,8.51943588256836,1.412621259689331,50.37099075317383
Western Australia,-31.5,118.0,ECEC,meq/100g,60.0,100.0,8.97707462310791,1.4676436185836792,54.215694427490234
Western Australia,-31.5,118.0,ECEC,meq/100g,100.0,200.0,9.545682907104492,1.4045844078063965,63.291648864746094
Western Australia,-31.5,118.0,AWC,%,0.0,5.0,10.288322448730469,2.6972286701202393,17.879417419433594
Western Australia,-31.5,118.0,AWC,%,5.0,15.0,10.420403480529785,3.3260128498077393,17.514795303344727
Western Australia,-31.5,118.0,AWC,%,15.0,30.0,10.598301887512207,3.972294807434082,17.224308013916016
Western Australia,-31.5,118.0,AWC,%,30.0,60.0,10.491497993469238,3.7082180976867676,17.274778366088867
Western Australia,-31.5,118.0,AWC,%,60.0,100.0,10.253569602966309,3.1451597213745117,17.36197853088379
Western Australia,-31.5,118.0,AWC,%,100.0,200.0,9.837032318115234,0.9154491424560547,18.758615493774414
Western Australia,-31.5,118.0,PHC,None,0.0,5.0,6.002555847167969,5.285600185394287,6.978926181793213
Western Australia,-31.5,118.0,PHC,None,5.0,15.0,6.090620517730713,5.323238372802734,7.049134731292725
Western Australia,-31.5,118.0,PHC,None,15.0,30.0,6.32042932510376,5.43604040145874,7.826779842376709
Western Australia,-31.5,118.0,PHC,None,30.0,60.0,6.52836799621582,5.543221473693848,7.76898717880249
Western Australia,-31.5,118.0,PHC,None,60.0,100.0,6.704359531402588,5.692104816436768,8.296892166137695
Western Australia,-31.5,118.0,PHC,None,100.0,200.0,6.826854228973389,5.740180015563965,8.213114738464355
Western Australia,-31.5,118.0,SOC,%,0.0,5.0,1.2182633876800537,0.3032413721084595,4.4852681159973145
Western Australia,-31.5,118.0,SOC,%,5.0,15.0,0.7143347263336182,0.17928485572338104,2.245553970336914
Western Australia,-31.5,118.0,SOC,%,15.0,30.0,0.4324184060096741,0.10276766866445541,1.437353253364563
Western Australia,-31.5,118.0,SOC,%,30.0,60.0,0.3391677141189575,0.08087246119976044,1.6545648574829102
Western Australia,-31.5,118.0,SOC,%,60.0,100.0,0.236379936337471,0.050514254719018936,1.3165241479873657
Western Australia,-31.5,118.0,SOC,%,100.0,200.0,0.15565890073776245,0.028893517330288887,0.9124782681465149
Western Australia,-31.5,118.0,DEPTH_OF_REGOLITH,,-9999.0,-9999.0,11.921277046203613,-9999.0,-9999.0
Western Australia,-31.5,118.0,DEPTH_OF_SOIL,,-9999.0,-9999.0,0.7223313450813293,-9999.0,-9999.0
