season,year_start,region,crop,area_000ha,production_kt,yield_t_ha
1989-90,1989,New South Wales,Barley,412.9,655.6,1.587793654637927
1990-91,1990,New South Wales,Barley,463.3,822.5,1.7753075760846104
1991-92,1991,New South Wales,Barley,517.5,748.7,1.4467632850241547
1992-93,1992,New South Wales,Barley,559.7,1043.8,1.8649276398070394
1993-94,1993,New South Wales,Barley,622.979,1356.962,2.1781825711621097
1994-95,1994,New South Wales,Barley,409.785,291.499,0.7113461937357395
1995-96,1995,New South Wales,Barley,593.172,1073.647,1.8100095756374204
1996-97,1996,New South Wales,Barley,668.179,1483.044,2.2195309939402468
1997-98,1997,New South Wales,Barley,701.078,1364.66,1.9465166500731732
1998-99,1998,New South Wales,Barley,637.989,1247.372,1.955162236339498
1999-00,1999,New South Wales,Barley,475.924,1040.305,2.185863709331742
2000-01,2000,New South Wales,Barley,615.448,1253.309,2.036417374010477
2001-02,2001,New South Wales,Barley,664.707,1382.297,2.0795583618045246
2002-03,2002,New South Wales,Barley,636.362,427.993,0.6725621580169778
2003-04,2003,New South Wales,Barley,951.032,1955.188,2.0558593191396293
2004-05,2004,New South Wales,Barley,1023.121,1760.708,1.7209186401217453
2005-06,2005,New South Wales,Barley,1103.066,2336.404,2.118099914239039
2006-07,2006,New South Wales,Barley,901.737,753.014,0.8350705360875732
2007-08,2007,New South Wales,Barley,1048.959,814.344,0.776335395377703
2008-09,2008,New South Wales,Barley,977.475,1449.399,1.482799048569017
2009-10,2009,New South Wales,Barley,950.728,1236.248,1.300317230585404
2010-11,2010,New South Wales,Barley,878.015,2193.564,2.4983217826574715
2011-12,2011,New South Wales,Barley,672.872,1425.036,2.1178411347180446
2012-13,2012,New South Wales,Barley,618.937,1286.325,2.0782809882104316
2013-14,2013,New South Wales,Barley,715.248,1485.537,2.076953727937722
2014-15,2014,New South Wales,Barley,882.347,1868.86,2.1180555949076725
2015-16,2015,New South Wales,Barley,966.18,2527.655,2.616132604690638
2016-17,2016,New South Wales,Barley,1056.379,2832.124,2.680973400645034
2017-18,2017,New South Wales,Barley,763.47,1304.643,1.7088333529804707
2018-19,2018,New South Wales,Barley,667.931,909.089,1.3610522643806022
2019-20,2019,New South Wales,Barley,885.403,916.3,1.0348959739237387
2020-21,2020,New South Wales,Barley,1370.935,4257.988,3.105900717393604
2021-22,2021,New South Wales,Barley,1158.588,3561.719,3.0741894443926574
1989-90,1989,New South Wales,Canola,32.67,55.062,1.6853994490358124
1990-91,1990,New South Wales,Canola,56.581,81.456,1.4396352132341246
1991-92,1991,New South Wales,Canola,101.014,117.654,1.1647296414358406
1992-93,1992,New South Wales,Canola,70.452,133.024,1.8881507977062397
1993-94,1993,New South Wales,Canola,100.575,192.551,1.9145016157096693
1994-95,1994,New South Wales,Canola,152.877,73.188,0.4787378088267038
1995-96,1995,New South Wales,Canola,170.224,272.253,1.5993808158661529
1996-97,1996,New South Wales,Canola,172.739,330.8,1.915027874423263
1997-98,1997,New South Wales,Canola,269.686,361.718,1.3412561274964219
1998-99,1998,New South Wales,Canola,371.767,623.137,1.6761493085723045
1999-00,1999,New South Wales,Canola,515.486,826.816,1.6039543265966487
2000-01,2000,New South Wales,Canola,523.354,835.709,1.5968331186921279
2001-02,2001,New South Wales,Canola,533.664,715.311,1.340377091203454
2002-03,2002,New South Wales,Canola,489.844,183.953,0.3755338434277035
2003-04,2003,New South Wales,Canola,365.825,437.635,1.19629604319005
2004-05,2004,New South Wales,Canola,434.093,468.332,1.0788748033255546
2005-06,2005,New South Wales,Canola,194.378,314.259,1.6167416065604134
2006-07,2006,New South Wales,Canola,282.81,54.429,0.19245783388140447
2007-08,2007,New South Wales,Canola,310.274,78.497,0.25299251629205155
2008-09,2008,New South Wales,Canola,299.831,227.542,0.7589008474774123
2009-10,2009,New South Wales,Canola,297.82,281.311,0.944567188234504
2010-11,2010,New South Wales,Canola,478.61,805.219,1.682411566828942
2011-12,2011,New South Wales,Canola,729.197,1091.898,1.4973978225362967
2012-13,2012,New South Wales,Canola,1025.31,1494.713,1.4578156850123378
2013-14,2013,New South Wales,Canola,672.915,922.414,1.3707734260642133
2014-15,2014,New South Wales,Canola,699.054,1013.708,1.4501140112208786
2015-16,2015,New South Wales,Canola,568.142,936.52,1.648390719221603
2016-17,2016,New South Wales,Canola,785.551,1248.228,1.5889840379555242
2017-18,2017,New South Wales,Canola,860.012,892.699,1.0380076091961508
2018-19,2018,New South Wales,Canola,404.985,263.035,0.6494931911058435
2019-20,2019,New South Wales,Canola,327.076,206.199,0.6304314593550123
2020-21,2020,New South Wales,Canola,731.0,1532.184,2.096010943912449
2021-22,2021,New South Wales,Canola,940.71,2114.144,2.2473918635923926
1989-90,1989,New South Wales,Lupins,46.267,65.52,1.4161281258780554
1990-91,1990,New South Wales,Lupins,55.332,72.24,1.3055736282801995
1991-92,1991,New South Wales,Lupins,66.541,76.244,1.1458198704558094
1992-93,1992,New South Wales,Lupins,98.827,187.747,1.899754115778077
1993-94,1993,New South Wales,Lupins,96.234,155.969,1.6207265623376355
1994-95,1994,New South Wales,Lupins,107.009,14.293,0.13356820454354307
1995-96,1995,New South Wales,Lupins,91.728,116.506,1.270124716553288
1996-97,1996,New South Wales,Lupins,64.337,96.481,1.4996191926884994
1997-98,1997,New South Wales,Lupins,80.31,74.724,0.9304445274561076
1998-99,1998,New South Wales,Lupins,105.994,175.106,1.6520369077494952
1999-00,1999,New South Wales,Lupins,134.881,239.933,1.778849504377933
2000-01,2000,New South Wales,Lupins,91.995,127.072,1.3812924615468232
2001-02,2001,New South Wales,Lupins,105.671,122.664,1.160810439950412
2002-03,2002,New South Wales,Lupins,100.36,36.681,0.36549422080510163
2003-04,2003,New South Wales,Lupins,69.096,56.31,0.814953108718305
2004-05,2004,New South Wales,Lupins,63.352,55.403,0.8745264553605253
2005-06,2005,New South Wales,Lupins,36.613,62.278,1.7009805260426625
2006-07,2006,New South Wales,Lupins,73.572,15.548,0.21133039743380633
2007-08,2007,New South Wales,Lupins,80.19,29.338,0.3658560917820177
2008-09,2008,New South Wales,Lupins,44.266,37.341,0.8435593909546831
2009-10,2009,New South Wales,Lupins,102.1,83.738,0.820156709108717
2010-11,2010,New South Wales,Lupins,127.753,252.322,1.9750769062174665
2011-12,2011,New South Wales,Lupins,78.587,83.991,1.0687645539338566
2012-13,2012,New South Wales,Lupins,57.7,63.2,1.0953206239168112
2013-14,2013,New South Wales,Lupins,57.2,56.9,0.9947552447552447
2014-15,2014,New South Wales,Lupins,55.9,65.5,1.1717352415026834
2015-16,2015,New South Wales,Lupins,94.538,110.699,1.1709471323700522
2016-17,2016,New South Wales,Lupins,51.0,66.3,1.3
2017-18,2017,New South Wales,Lupins,94.87,46.4,0.4890903341414567
2018-19,2018,New South Wales,Lupins,58.569,23.77,0.4058460960576414
2019-20,2019,New South Wales,Lupins,43.248,23.617,0.5460830558638551
2020-21,2020,New South Wales,Lupins,82.085,132.435,1.613388560638363
2021-22,2021,New South Wales,Lupins,68.0,122.4,1.8
1989-90,1989,New South Wales,Oats,365.2,503.5,1.3786966046002191
1990-91,1990,New South Wales,Oats,374.3,538.4,1.4384183809778253
1991-92,1991,New South Wales,Oats,456.7,578.8,1.2673527479746003
1992-93,1992,New South Wales,Oats,447.7,761.5,1.7009157918248827
1993-94,1993,New South Wales,Oats,368.977,617.799,1.6743563961981371
1994-95,1994,New South Wales,Oats,375.464,197.274,0.5254138878827265
1995-96,1995,New South Wales,Oats,505.062,711.152,1.4080489128067446
1996-97,1996,New South Wales,Oats,392.717,607.233,1.5462355844030178
1997-98,1997,New South Wales,Oats,324.881,488.207,1.5027256133784372
1998-99,1998,New South Wales,Oats,353.954,669.059,1.8902427999118527
1999-00,1999,New South Wales,Oats,159.73,283.711,1.7761910724347338
2000-01,2000,New South Wales,Oats,167.892,245.692,1.463393133681176
2001-02,2001,New South Wales,Oats,230.919,320.389,1.387451877065118
2002-03,2002,New South Wales,Oats,308.285,149.28,0.4842272572457304
2003-04,2003,New South Wales,Oats,449.166,610.153,1.3584131479230397
2004-05,2004,New South Wales,Oats,399.891,429.244,1.0734025021818445
2005-06,2005,New South Wales,Oats,416.387,633.038,1.5203116331681825
2006-07,2006,New South Wales,Oats,390.053,114.573,0.2937370049711193
2007-08,2007,New South Wales,Oats,464.35,193.194,0.4160525465704748
2008-09,2008,New South Wales,Oats,273.438,260.605,0.9530679715328522
2009-10,2009,New South Wales,Oats,306.892,210.945,0.6873590709435241
2010-11,2010,New South Wales,Oats,321.223,468.557,1.4586657866964694
2011-12,2011,New South Wales,Oats,236.267,257.557,1.0901099180164815
2012-13,2012,New South Wales,Oats,233.775,275.517,1.1785563041385947
2013-14,2013,New South Wales,Oats,267.875,283.326,1.0576798880074663
2014-15,2014,New South Wales,Oats,362.158,350.434,0.9676273891505918
2015-16,2015,New South Wales,Oats,277.807,382.563,1.3770819309808606
2016-17,2016,New South Wales,Oats,326.981,495.657,1.5158587196197943
2017-18,2017,New South Wales,Oats,365.955,229.353,0.6267245972865517
2018-19,2018,New South Wales,Oats,334.466,126.262,0.3775032439769663
2019-20,2019,New South Wales,Oats,264.454,183.159,0.6925930407556701
2020-21,2020,New South Wales,Oats,393.583,644.979,1.6387369373169065
2021-22,2021,New South Wales,Oats,248.05,344.449,1.3886272928844992
1989-90,1989,New South Wales,Wheat,2123.4,3423.3,1.6121785815202034
1990-91,1990,New South Wales,Wheat,2165.8,4127.6,1.9058084772370487
1991-92,1991,New South Wales,Wheat,1499.3,2183.0,1.4560128059761221
1992-93,1992,New South Wales,Wheat,1694.0,3582.7,2.114935064935065
1993-94,1993,New South Wales,Wheat,1977.7,5086.1,2.5717247307478384
1994-95,1994,New South Wales,Wheat,1423.8,874.6,0.6142716673690125
1995-96,1995,New South Wales,Wheat,2328.3,4508.4,1.9363484087102174
1996-97,1996,New South Wales,Wheat,3192.0,8363.4,2.6201127819548873
1997-98,1997,New South Wales,Wheat,2936.2,5906.4,2.011579592670799
1998-99,1998,New South Wales,Wheat,3173.8,6563.3,2.067962694561724
1999-00,1999,New South Wales,Wheat,3424.5,8601.9,2.5118703460359177
2000-01,2000,New South Wales,Wheat,3670.8,7867.3,2.143211289092296
2001-02,2001,New South Wales,Wheat,3446.0,8042.8,2.3339524085896692
2002-03,2002,New South Wales,Wheat,2994.8,2494.9,0.8330773340456792
2003-04,2003,New South Wales,Wheat,3983.4,7288.2,1.8296430185268866
2004-05,2004,New South Wales,Wheat,4256.3,7537.4,1.77088081197284
2005-06,2005,New South Wales,Wheat,3554.1,8049.0,2.2647083649869164
2006-07,2006,New South Wales,Wheat,3595.8,2567.7,0.7140830969464375
2007-08,2007,New South Wales,Wheat,4008.9,2477.1,0.6179001721170395
2008-09,2008,New South Wales,Wheat,4322.2,6963.3,1.6110545555504143
2009-10,2009,New South Wales,Wheat,3982.6,5349.8,1.3432933259679607
2010-11,2010,New South Wales,Wheat,3814.7,10488.4,2.749469158780507
2011-12,2011,New South Wales,Wheat,3868.354,8472.914,2.1903150538963088
2012-13,2012,New South Wales,Wheat,3487.448,7364.882,2.1118256100162642
2013-14,2013,New South Wales,Wheat,3269.386,6595.626,2.0173898095850413
2014-15,2014,New South Wales,Wheat,3166.039,6653.67,2.101575501754716
2015-16,2015,New South Wales,Wheat,2932.741,6897.527,2.3519045834596373
2016-17,2016,New South Wales,Wheat,3248.417,9819.12,3.0227399992057675
2017-18,2017,New South Wales,Wheat,2793.456,4702.842,1.6835210577864836
2018-19,2018,New South Wales,Wheat,2381.953,1850.335,0.776814236049158
2019-20,2019,New South Wales,Wheat,2132.016,1772.365,0.8313094273213709
2020-21,2020,New South Wales,Wheat,4037.001,12972.151,3.213313794076345
2021-22,2021,New South Wales,Wheat,3607.705,12029.415,3.334367693589138
1989-90,1989,Queensland,Barley,179.4,320.7,1.7876254180602005
1990-91,1990,Queensland,Barley,176.9,360.8,2.039570378745054
1991-92,1991,Queensland,Barley,127.8,70.1,0.5485133020344287
1992-93,1992,Queensland,Barley,189.3,285.2,1.5066032752245113
1993-94,1993,Queensland,Barley,232.217,260.539,1.1219635082702815
1994-95,1994,Queensland,Barley,93.477,72.845,0.7792826042769879
1995-96,1995,Queensland,Barley,167.847,195.028,1.1619391469612206
1996-97,1996,Queensland,Barley,180.214,428.597,2.3782669492936175
1997-98,1997,Queensland,Barley,135.258,204.48,1.5117774919043603
1998-99,1998,Queensland,Barley,163.294,320.392,1.9620561686283633
1999-00,1999,Queensland,Barley,129.884,253.786,1.953943518832189
2000-01,2000,Queensland,Barley,111.949,114.985,1.0271194919114954
2001-02,2001,Queensland,Barley,96.414,170.725,1.7707490613396395
2002-03,2002,Queensland,Barley,107.865,148.306,1.3749223566495157
2003-04,2003,Queensland,Barley,151.189,263.122,1.7403514805971336
2004-05,2004,Queensland,Barley,97.222,177.776,1.828557322416737
2005-06,2005,Queensland,Barley,129.329,165.984,1.2834244446334542
2006-07,2006,Queensland,Barley,80.515,78.96,0.9806868285412655
2007-08,2007,Queensland,Barley,112.923,142.846,1.2649858753309777
2008-09,2008,Queensland,Barley,91.866,173.036,1.8835695469488167
2009-10,2009,Queensland,Barley,68.543,113.077,1.6497235312139822
2010-11,2010,Queensland,Barley,93.969,146.178,1.5555981227851738
2011-12,2011,Queensland,Barley,79.979,191.021,2.3883894522312104
2012-13,2012,Queensland,Barley,89.655,170.208,1.8984774970721097
2013-14,2013,Queensland,Barley,105.76,179.535,1.6975699697428137
2014-15,2014,Queensland,Barley,125.477,253.191,2.0178279684723095
2015-16,2015,Queensland,Barley,137.699,372.361,2.70416633381506
2016-17,2016,Queensland,Barley,148.991,435.727,2.9245189306736643
2017-18,2017,Queensland,Barley,104.89,187.84,1.7908284869863667
2018-19,2018,Queensland,Barley,99.476,132.008,1.327033656359323
2019-20,2019,Queensland,Barley,80.482,80.075,0.9949429686141001
2020-21,2020,Queensland,Barley,227.397,434.362,1.9101483308926681
2021-22,2021,Queensland,Barley,207.315,617.25,2.977353302944794
1989-90,1989,Queensland,Canola,0.5,0.49,0.98
1991-92,1991,Queensland,Canola,3.347,0.793,0.23692859276964448
1992-93,1992,Queensland,Canola,0.307,0.184,0.5993485342019544
1993-94,1993,Queensland,Canola,0.054,0.024,0.4444444444444445
1994-95,1994,Queensland,Canola,0.095,0.009,0.09473684210526315
1995-96,1995,Queensland,Canola,0.241,0.105,0.43568464730290457
1996-97,1996,Queensland,Canola,0.018,0.013,0.7222222222222222
1997-98,1997,Queensland,Canola,0.23,0.123,0.5347826086956522
1998-99,1998,Queensland,Canola,0.75,0.827,1.1026666666666667
2000-01,2000,Queensland,Canola,2.662,1.303,0.4894815927873779
2001-02,2001,Queensland,Canola,1.256,1.465,1.1664012738853504
2002-03,2002,Queensland,Canola,0.02,0.017,0.8500000000000001
2004-05,2004,Queensland,Canola,0.292,0.266,0.9109589041095891
2005-06,2005,Queensland,Canola,0.903,0.74,0.8194905869324474
2006-07,2006,Queensland,Canola,1.99,0.656,0.32964824120603015
2007-08,2007,Queensland,Canola,2.254,0.282,0.12511091393078969
2008-09,2008,Queensland,Canola,2.687,2.149,0.7997767026423521
2009-10,2009,Queensland,Canola,2.751,1.159,0.4213013449654671
2010-11,2010,Queensland,Canola,1.801,2.378,1.320377568017768
2011-12,2011,Queensland,Canola,1.326,1.437,1.083710407239819
2012-13,2012,Queensland,Canola,0.716,0.652,0.9106145251396649
2013-14,2013,Queensland,Canola,2.294,0.896,0.3905841325196164
2014-15,2014,Queensland,Canola,0.855,0.416,0.4865497076023392
2015-16,2015,Queensland,Canola,2.021,2.798,1.384463137060861
2016-17,2016,Queensland,Canola,0.014,0.028,2.0
2017-18,2017,Queensland,Canola,0.67,0.25,0.3731343283582089
2018-19,2018,Queensland,Canola,1.161,0.348,0.2997416020671834
2019-20,2019,Queensland,Canola,0.86,0.938,1.0906976744186045
2020-21,2020,Queensland,Canola,1.336,1.189,0.8899700598802395
2021-22,2021,Queensland,Canola,2.349,4.728,2.0127713920817367
1989-90,1989,Queensland,Lupins,0.026,0.014,0.5384615384615385
1991-92,1991,Queensland,Lupins,0.107,0.039,0.3644859813084112
1992-93,1992,Queensland,Lupins,0.14,0.113,0.807142857142857
1993-94,1993,Queensland,Lupins,0.102,0.112,1.0980392156862746
1994-95,1994,Queensland,Lupins,0.278,0.163,0.5863309352517986
1995-96,1995,Queensland,Lupins,0.465,0.263,0.5655913978494623
1996-97,1996,Queensland,Lupins,0.293,0.172,0.5870307167235495
2000-01,2000,Queensland,Lupins,0.132,0.075,0.5681818181818181
2003-04,2003,Queensland,Lupins,0.281,0.386,1.373665480427046
2004-05,2004,Queensland,Lupins,0.239,0.408,1.707112970711297
2005-06,2005,Queensland,Lupins,0.099,0.119,1.202020202020202
2006-07,2006,Queensland,Lupins,0.024,0.031,1.2916666666666667
2007-08,2007,Queensland,Lupins,0.839,1.233,1.4696066746126342
2008-09,2008,Queensland,Lupins,0.125,0.23,1.84
2009-10,2009,Queensland,Lupins,0.178,0.347,1.949438202247191
2010-11,2010,Queensland,Lupins,0.132,0.146,1.106060606060606
2011-12,2011,Queensland,Lupins,0.503,0.632,1.2564612326043738
2015-16,2015,Queensland,Lupins,0.014,0.028,2.0
2016-17,2016,Queensland,Lupins,0.014,0.037,2.642857142857143
2017-18,2017,Queensland,Lupins,0.013,0.012,0.9230769230769231
2018-19,2018,Queensland,Lupins,0.007,0.01,1.4285714285714286
2019-20,2019,Queensland,Lupins,0.009,0.017,1.888888888888889
2020-21,2020,Queensland,Lupins,1.463,2.094,1.4313055365686942
2021-22,2021,Queensland,Lupins,1.07,1.12,1.046728971962617
1989-90,1989,Queensland,Oats,15.4,14.3,0.9285714285714286
1990-91,1990,Queensland,Oats,24.2,27.1,1.1198347107438018
1991-92,1991,Queensland,Oats,15.0,5.2,0.3466666666666667
1992-93,1992,Queensland,Oats,14.8,9.7,0.6554054054054054
1993-94,1993,Queensland,Oats,15.883,7.792,0.49058742051249765
1994-95,1994,Queensland,Oats,13.663,3.162,0.23142794408255873
1995-96,1995,Queensland,Oats,14.103,6.883,0.4880521874778416
1996-97,1996,Queensland,Oats,39.387,25.724,0.6531088937974459
1997-98,1997,Queensland,Oats,15.991,13.007,0.8133950347070227
1998-99,1998,Queensland,Oats,18.132,15.312,0.844473858371939
1999-00,1999,Queensland,Oats,9.968,11.78,1.1817817014446228
2000-01,2000,Queensland,Oats,12.767,5.855,0.45860421398919093
2001-02,2001,Queensland,Oats,10.585,7.462,0.7049598488427019
2002-03,2002,Queensland,Oats,9.4,3.538,0.3763829787234042
2003-04,2003,Queensland,Oats,9.126,4.903,0.5372561911023449
2004-05,2004,Queensland,Oats,20.927,9.651,0.4611745591819181
2005-06,2005,Queensland,Oats,15.567,7.46,0.4792188604098413
2006-07,2006,Queensland,Oats,24.408,3.562,0.14593575876761716
2007-08,2007,Queensland,Oats,20.341,11.766,0.5784376382675385
2008-09,2008,Queensland,Oats,7.286,7.009,0.9619818830634094
2009-10,2009,Queensland,Oats,11.608,6.579,0.5667643004824259
2010-11,2010,Queensland,Oats,13.647,7.327,0.5368945555799809
2011-12,2011,Queensland,Oats,17.86,22.762,1.274468085106383
2012-13,2012,Queensland,Oats,47.966,14.355,0.2992744860943168
2013-14,2013,Queensland,Oats,23.299,2.988,0.12824584746126444
2014-15,2014,Queensland,Oats,65.349,14.789,0.22630797716874013
2015-16,2015,Queensland,Oats,36.203,23.371,0.645554235836809
2016-17,2016,Queensland,Oats,47.424,56.47,1.1907473009446694
2017-18,2017,Queensland,Oats,44.87,12.38,0.27590817918431026
2018-19,2018,Queensland,Oats,35.889,10.624,0.2960238513193458
2019-20,2019,Queensland,Oats,50.1,24.99,0.4988023952095808
2020-21,2020,Queensland,Oats,63.106,60.976,0.9662472665039774
2021-22,2021,Queensland,Oats,50.278,66.892,1.330442738374637
1989-90,1989,Queensland,Wheat,894.3,1420.0,1.5878340601587835
1990-91,1990,Queensland,Wheat,1060.3,1973.2,1.8609827407337547
1991-92,1991,Queensland,Wheat,491.7,343.7,0.6990034573927192
1992-93,1992,Queensland,Wheat,669.2,735.2,1.0986252241482366
1993-94,1993,Queensland,Wheat,555.5,555.4,0.9998199819981998
1994-95,1994,Queensland,Wheat,400.7,225.1,0.5617669079111555
1995-96,1995,Queensland,Wheat,626.5,519.5,0.8292098962490024
1996-97,1996,Queensland,Wheat,979.7,1979.5,2.0205164846381543
1997-98,1997,Queensland,Wheat,1001.4,1392.1,1.390153784701418
1998-99,1998,Queensland,Wheat,1138.8,1941.2,1.704601334738321
1999-00,1999,Queensland,Wheat,1096.0,1904.0,1.7372262773722629
2000-01,2000,Queensland,Wheat,884.9,1157.0,1.3074923720194374
2001-02,2001,Queensland,Wheat,604.4,901.4,1.4913964262078094
2002-03,2002,Queensland,Wheat,514.4,600.9,1.1681570762052877
2003-04,2003,Queensland,Wheat,789.7,1109.7,1.4052171710776244
2004-05,2004,Queensland,Wheat,711.0,1170.4,1.6461322081575247
2005-06,2005,Queensland,Wheat,778.3,1217.6,1.5644353077219582
2006-07,2006,Queensland,Wheat,638.0,776.7,1.2173981191222571
2007-08,2007,Queensland,Wheat,668.9,953.9,1.4260726566003887
2008-09,2008,Queensland,Wheat,1019.9,2016.0,1.9766643788606726
2009-10,2009,Queensland,Wheat,961.7,1346.3,1.399916813975252
2010-11,2010,Queensland,Wheat,905.5,1523.6,1.6826062948647156
2011-12,2011,Queensland,Wheat,953.201,1886.303,1.97891420592299
2012-13,2012,Queensland,Wheat,865.923,1613.964,1.863865493814115
2013-14,2013,Queensland,Wheat,757.955,1036.45,1.3674294648099161
2014-15,2014,Queensland,Wheat,633.508,986.855,1.5577624907657046
2015-16,2015,Queensland,Wheat,611.093,1315.912,2.1533743636402316
2016-17,2016,Queensland,Wheat,622.197,1501.6,2.4133835425114554
2017-18,2017,Queensland,Wheat,639.189,765.413,1.1974752381533476
2018-19,2018,Queensland,Wheat,419.697,419.675,0.9999475812312216
2019-20,2019,Queensland,Wheat,441.477,418.475,0.9478976254708626
2020-21,2020,Queensland,Wheat,966.132,1594.192,1.6500768010996427
2021-22,2021,Queensland,Wheat,940.597,2222.389,2.362743023845494
1989-90,1989,South Australia,Barley,899.5,1724.474,1.9171473040578098
1990-91,1990,South Australia,Barley,945.0,1505.711,1.5933449735449736
1991-92,1991,South Australia,Barley,999.2,1881.548,1.8830544435548437
1992-93,1992,South Australia,Barley,1023.3,1855.32,1.8130753444737613
1993-94,1993,South Australia,Barley,1115.315,2242.356,2.010513621712252
1994-95,1994,South Australia,Barley,881.881,1158.715,1.3139131016543049
1995-96,1995,South Australia,Barley,963.504,1851.076,1.921191816536309
1996-97,1996,South Australia,Barley,1008.925,1923.213,1.906200163540402
1997-98,1997,South Australia,Barley,1017.308,2027.087,1.9925990948660584
1998-99,1998,South Australia,Barley,975.318,2050.972,2.1028751648180393
1999-00,1999,South Australia,Barley,845.335,1409.179,1.6670065713592837
2000-01,2000,South Australia,Barley,1040.854,2320.321,2.229247329596658
2001-02,2001,South Australia,Barley,1151.172,2781.758,2.4164573148061277
2002-03,2002,South Australia,Barley,1193.712,1439.861,1.2062046791855994
2003-04,2003,South Australia,Barley,1215.877,2691.091,2.213292133990527
2004-05,2004,South Australia,Barley,1280.071,1979.211,1.5461728294758652
2005-06,2005,South Australia,Barley,1169.406,2547.798,2.178711243143955
2006-07,2006,South Australia,Barley,1193.154,995.963,0.8347313087832752
2007-08,2007,South Australia,Barley,1244.34,1672.37,1.343981548451388
2008-09,2008,South Australia,Barley,1240.132,1876.752,1.513348579022233
2009-10,2009,South Australia,Barley,997.412,2068.229,2.073595465063584
2010-11,2010,South Australia,Barley,795.434,2122.415,2.6682477741710815
2011-12,2011,South Australia,Barley,881.21,1815.51,2.060246706233474
2012-13,2012,South Australia,Barley,861.391,1794.436,2.0831840592715736
2013-14,2013,South Australia,Barley,810.465,1892.284,2.334812730963089
2014-15,2014,South Australia,Barley,840.446,1941.042,2.3095380309978273
2015-16,2015,South Australia,Barley,769.482,1719.367,2.2344473295021845
2016-17,2016,South Australia,Barley,980.776,3002.007,3.0608487564948574
2017-18,2017,South Australia,Barley,876.488,1860.785,2.123001113534926
2018-19,2018,South Australia,Barley,872.908,1614.987,1.8501228079018637
2019-20,2019,South Australia,Barley,1061.346,1995.135,1.8798158187810572
2020-21,2020,South Australia,Barley,1030.847,2395.385,2.3237056517601546
2021-22,2021,South Australia,Barley,969.847,2145.56,2.2122664708969557
1989-90,1989,South Australia,Canola,3.526,5.373,1.523823028927964
1990-91,1990,South Australia,Canola,4.045,5.515,1.3634116192830654
1991-92,1991,South Australia,Canola,6.587,10.042,1.524517989980264
1992-93,1992,South Australia,Canola,6.183,9.522,1.540029112081514
1993-94,1993,South Australia,Canola,10.758,18.104,1.6828406767057074
1994-95,1994,South Australia,Canola,24.518,25.941,1.058038991761155
1995-96,1995,South Australia,Canola,30.357,48.073,1.5835886286523702
1996-97,1996,South Australia,Canola,35.972,52.851,1.4692260647170021
1997-98,1997,South Australia,Canola,63.13,87.978,1.3936005068905433
1998-99,1998,South Australia,Canola,132.414,193.07,1.4580784509190872
1999-00,1999,South Australia,Canola,210.304,243.854,1.159530964698722
2000-01,2000,South Australia,Canola,154.314,204.373,1.3243970086965537
2001-02,2001,South Australia,Canola,163.662,272.055,1.6622979066612897
2002-03,2002,South Australia,Canola,210.442,209.8,0.9969492781859135
2003-04,2003,South Australia,Canola,247.199,353.75,1.431033297060263
2004-05,2004,South Australia,Canola,229.601,241.772,1.0530093510045688
2005-06,2005,South Australia,Canola,147.459,213.368,1.4469649190622478
2006-07,2006,South Australia,Canola,176.98,84.159,0.4755283082834219
2007-08,2007,South Australia,Canola,172.961,161.913,0.9361243286058707
2008-09,2008,South Australia,Canola,184.221,204.125,1.1080441426330332
2009-10,2009,South Australia,Canola,180.505,259.884,1.4397606714495446
2010-11,2010,South Australia,Canola,216.363,358.971,1.6591145436142039
2011-12,2011,South Australia,Canola,283.158,412.767,1.4577267815142074
2012-13,2012,South Australia,Canola,335.927,414.98,1.2353279135050175
2013-14,2013,South Australia,Canola,297.336,419.371,1.4104279333817633
2014-15,2014,South Australia,Canola,315.696,324.495,1.0278717500380112
2015-16,2015,South Australia,Canola,149.169,218.852,1.4671412961138037
2016-17,2016,South Australia,Canola,218.304,381.524,1.7476729698035767
2017-18,2017,South Australia,Canola,236.511,335.052,1.4166444689676168
2018-19,2018,South Australia,Canola,168.918,242.89,1.437916622266425
2019-20,2019,South Australia,Canola,152.627,241.479,1.5821512576411776
2020-21,2020,South Australia,Canola,202.688,402.273,1.984690756236186
2021-22,2021,South Australia,Canola,221.901,434.934,1.9600362323738965
1989-90,1989,South Australia,Lupins,42.278,45.393,1.0736789819764416
1990-91,1990,South Australia,Lupins,38.405,30.521,0.7947142299179795
1991-92,1991,South Australia,Lupins,47.823,55.592,1.1624532128891956
1992-93,1992,South Australia,Lupins,57.638,97.365,1.6892501474721537
1993-94,1993,South Australia,Lupins,69.633,81.997,1.177559490471472
1994-95,1994,South Australia,Lupins,82.724,56.259,0.6800807504472705
1995-96,1995,South Australia,Lupins,79.58,89.909,1.1297939180698668
1996-97,1996,South Australia,Lupins,71.471,101.758,1.423766282828
1997-98,1997,South Australia,Lupins,95.928,105.608,1.1009090150946543
1998-99,1998,South Australia,Lupins,78.652,101.855,1.295008391395006
1999-00,1999,South Australia,Lupins,72.729,79.844,1.0978289265629941
2000-01,2000,South Australia,Lupins,66.508,98.209,1.4766494256330067
2001-02,2001,South Australia,Lupins,80.123,146.515,1.8286259875441506
2002-03,2002,South Australia,Lupins,88.908,90.461,1.017467494488685
2003-04,2003,South Australia,Lupins,85.659,121.852,1.4225241947722946
2004-05,2004,South Australia,Lupins,69.415,67.713,0.9754808038608368
2005-06,2005,South Australia,Lupins,72.376,121.377,1.6770338233668618
2006-07,2006,South Australia,Lupins,89.34,34.153,0.38228117304678755
2007-08,2007,South Australia,Lupins,76.501,67.036,0.8762761271094495
2008-09,2008,South Australia,Lupins,52.569,51.952,0.9882630447602199
2009-10,2009,South Australia,Lupins,53.072,74.332,1.4005878806150134
2010-11,2010,South Australia,Lupins,63.666,92.985,1.4605126755253983
2011-12,2011,South Australia,Lupins,63.218,72.821,1.1519029390363502
2012-13,2012,South Australia,Lupins,60.5,74.0,1.2231404958677685
2013-14,2013,South Australia,Lupins,56.0,78.0,1.3928571428571428
2014-15,2014,South Australia,Lupins,68.3,75.0,1.0980966325036603
2015-16,2015,South Australia,Lupins,62.192,52.761,0.8483567018266015
2016-17,2016,South Australia,Lupins,70.0,100.0,1.4285714285714286
2017-18,2017,South Australia,Lupins,65.6,82.288,1.254390243902439
2018-19,2018,South Australia,Lupins,42.346,37.203,0.8785481509469609
2019-20,2019,South Australia,Lupins,45.216,41.347,0.9144329440905874
2020-21,2020,South Australia,Lupins,57.031,84.418,1.4802125160000703
2021-22,2021,South Australia,Lupins,40.0,45.0,1.125
1989-90,1989,South Australia,Oats,172.0,249.9,1.452906976744186
1990-91,1990,South Australia,Oats,134.6,147.6,1.0965824665676078
1991-92,1991,South Australia,Oats,129.3,172.5,1.334106728538283
1992-93,1992,South Australia,Oats,122.9,164.5,1.338486574450773
1993-94,1993,South Australia,Oats,101.493,135.053,1.3306631984471835
1994-95,1994,South Australia,Oats,94.927,86.982,0.9163041073667133
1995-96,1995,South Australia,Oats,119.618,161.891,1.353399989968065
1996-97,1996,South Australia,Oats,120.6,155.752,1.291475953565506
1997-98,1997,South Australia,Oats,110.546,153.018,1.3842020516346136
1998-99,1998,South Australia,Oats,112.449,178.082,1.583669041076399
1999-00,1999,South Australia,Oats,69.907,77.534,1.1091020927804085
2000-01,2000,South Australia,Oats,75.022,117.21,1.5623417130974913
2001-02,2001,South Australia,Oats,108.25,202.941,1.874743648960739
2002-03,2002,South Australia,Oats,87.923,69.898,0.794991071733221
2003-04,2003,South Australia,Oats,88.664,137.396,1.5496255526481997
2004-05,2004,South Australia,Oats,75.805,89.712,1.183457555570213
2005-06,2005,South Australia,Oats,72.177,119.556,1.6564279479612618
2006-07,2006,South Australia,Oats,106.353,51.52,0.48442451082715116
2007-08,2007,South Australia,Oats,141.579,115.284,0.8142733032441252
2008-09,2008,South Australia,Oats,100.042,81.331,0.8129685532076528
2009-10,2009,South Australia,Oats,96.168,144.015,1.4975355627651608
2010-11,2010,South Australia,Oats,67.005,124.568,1.8590851428997837
2011-12,2011,South Australia,Oats,54.95,78.033,1.4200727934485895
2012-13,2012,South Australia,Oats,67.899,88.43,1.3023755872693266
2013-14,2013,South Australia,Oats,53.676,82.175,1.5309449288322527
2014-15,2014,South Australia,Oats,56.825,89.434,1.5738495380554332
2015-16,2015,South Australia,Oats,65.419,102.548,1.5675568259985633
2016-17,2016,South Australia,Oats,86.092,179.374,2.083515309204107
2017-18,2017,South Australia,Oats,57.088,93.916,1.6451093049327354
2018-19,2018,South Australia,Oats,115.379,140.275,1.215775834423942
2019-20,2019,South Australia,Oats,92.239,91.794,0.9951755764915057
2020-21,2020,South Australia,Oats,99.866,161.43,1.6164660645264655
2021-22,2021,South Australia,Oats,79.111,145.667,1.8412989344086157
1989-90,1989,South Australia,Wheat,1556.6,2607.2,1.6749325452910189
1990-91,1990,South Australia,Wheat,1447.8,2020.8,1.3957728968089516
1991-92,1991,South Australia,Wheat,1296.8,2141.0,1.6509870450339297
1992-93,1992,South Australia,Wheat,1419.5,2421.2,1.7056710109193376
1993-94,1993,South Australia,Wheat,1216.0,2121.1,1.7443256578947368
1994-95,1994,South Australia,Wheat,1394.7,1487.4,1.0664659066465907
1995-96,1995,South Australia,Wheat,1519.1,2724.0,1.7931670067803305
1996-97,1996,South Australia,Wheat,1534.9,2794.9,1.8209003843898626
1997-98,1997,South Australia,Wheat,1438.5,2689.2,1.8694473409801875
1998-99,1998,South Australia,Wheat,1762.1,3310.4,1.878667499006867
1999-00,1999,South Australia,Wheat,1850.0,2585.5,1.3975675675675676
2000-01,2000,South Australia,Wheat,1975.6,4162.4,2.106904231625835
2001-02,2001,South Australia,Wheat,1986.6,4778.5,2.40536595187758
2002-03,2002,South Australia,Wheat,1956.5,2071.8,1.0589317659085102
2003-04,2003,South Australia,Wheat,1959.5,3490.4,1.781270732329676
2004-05,2004,South Australia,Wheat,1979.2,2620.8,1.3241713823767178
2005-06,2005,South Australia,Wheat,2034.9,3852.8,1.8933608531131751
2006-07,2006,South Australia,Wheat,2172.5,1446.0,0.6655926352128884
2007-08,2007,South Australia,Wheat,2120.8,2296.0,1.0826103357223689
2008-09,2008,South Australia,Wheat,2103.9,2376.1,1.129378772755359
2009-10,2009,South Australia,Wheat,2122.4,4001.3,1.885271390878251
2010-11,2010,South Australia,Wheat,2340.6,5948.7,2.5415278133811845
2011-12,2011,South Australia,Wheat,2249.066,4524.803,2.0118587004561004
2012-13,2012,South Australia,Wheat,2118.739,3678.962,1.7363922597356258
2013-14,2013,South Australia,Wheat,1926.85,4254.313,2.2079108389340116
2014-15,2014,South Australia,Wheat,2045.009,4602.087,2.250399386995363
2015-16,2015,South Australia,Wheat,1769.7,3679.342,2.0790766796632196
2016-17,2016,South Australia,Wheat,2178.255,6132.504,2.815328783820076
2017-18,2017,South Australia,Wheat,1975.81,4051.954,2.0507811985970315
2018-19,2018,South Australia,Wheat,1820.819,3024.524,1.6610788881267167
2019-20,2019,South Australia,Wheat,1720.943,2689.074,1.5625584345326953
2020-21,2020,South Australia,Wheat,1830.975,3982.208,2.174911181201273
2021-22,2021,South Australia,Wheat,2008.064,4750.113,2.3655187284867414
1989-90,1989,Tasmania,Barley,7.985,19.321,2.419661865998748
1990-91,1990,Tasmania,Barley,9.766,25.979,2.660147450337907
1991-92,1991,Tasmania,Barley,11.344,31.793,2.802626939351199
1992-93,1992,Tasmania,Barley,12.3,35.285,2.8686991869918694
1993-94,1993,Tasmania,Barley,15.204,40.755,2.680544593528019
1994-95,1994,Tasmania,Barley,13.969,27.073,1.9380771708783737
1995-96,1995,Tasmania,Barley,14.02,38.463,2.7434379457917264
1996-97,1996,Tasmania,Barley,14.502,35.237,2.429802785822645
1997-98,1997,Tasmania,Barley,13.154,30.916,2.350311692260909
1998-99,1998,Tasmania,Barley,11.166,30.044,2.690668099588035
1999-00,1999,Tasmania,Barley,9.098,22.181,2.4380083534842822
2000-01,2000,Tasmania,Barley,9.668,25.992,2.6884567645841955
2001-02,2001,Tasmania,Barley,7.429,26.438,3.5587562256023686
2002-03,2002,Tasmania,Barley,8.263,21.233,2.569647827665497
2003-04,2003,Tasmania,Barley,9.291,28.038,3.017759121730707
2004-05,2004,Tasmania,Barley,7.577,27.801,3.6691302626369273
2005-06,2005,Tasmania,Barley,8.476,28.232,3.3308164228409622
2006-07,2006,Tasmania,Barley,7.464,16.168,2.166130760986066
2007-08,2007,Tasmania,Barley,7.757,22.006,2.836921490266856
2008-09,2008,Tasmania,Barley,10.583,28.512,2.6941320986487765
2009-10,2009,Tasmania,Barley,8.843,28.764,3.252742282030985
2010-11,2010,Tasmania,Barley,10.889,39.06,3.5871062540178165
2011-12,2011,Tasmania,Barley,6.466,23.115,3.5748530776368694
2012-13,2012,Tasmania,Barley,5.093,16.513,3.242293343805223
2013-14,2013,Tasmania,Barley,5.966,25.375,4.253268521622528
2014-15,2014,Tasmania,Barley,5.237,16.942,3.235058239450067
2015-16,2015,Tasmania,Barley,5.573,16.453,2.9522698726000356
2016-17,2016,Tasmania,Barley,8.118,33.43,4.118009361911801
2017-18,2017,Tasmania,Barley,4.552,16.319,3.585017574692443
2018-19,2018,Tasmania,Barley,6.102,27.54,4.513274336283185
2019-20,2019,Tasmania,Barley,5.123,22.906,4.471208276400546
2020-21,2020,Tasmania,Barley,5.423,30.84,5.686889175732989
2021-22,2021,Tasmania,Barley,4.297,23.951,5.573888759599721
1989-90,1989,Tasmania,Canola,0.071,0.012,0.16901408450704228
1990-91,1990,Tasmania,Canola,0.023,0.017,0.7391304347826088
1991-92,1991,Tasmania,Canola,0.059,0.055,0.9322033898305085
1992-93,1992,Tasmania,Canola,0.093,0.129,1.3870967741935485
1993-94,1993,Tasmania,Canola,0.15,0.194,1.2933333333333334
1994-95,1994,Tasmania,Canola,0.209,0.152,0.7272727272727273
1995-96,1995,Tasmania,Canola,0.147,0.205,1.3945578231292517
1996-97,1996,Tasmania,Canola,0.027,0.031,1.1481481481481481
1997-98,1997,Tasmania,Canola,0.115,0.126,1.0956521739130434
1998-99,1998,Tasmania,Canola,0.83,1.198,1.4433734939759035
1999-00,1999,Tasmania,Canola,0.881,1.521,1.7264472190692395
2000-01,2000,Tasmania,Canola,0.303,0.438,1.4455445544554455
2001-02,2001,Tasmania,Canola,0.545,0.997,1.8293577981651374
2002-03,2002,Tasmania,Canola,0.255,0.477,1.8705882352941174
2003-04,2003,Tasmania,Canola,0.135,0.201,1.488888888888889
2004-05,2004,Tasmania,Canola,0.605,1.174,1.940495867768595
2005-06,2005,Tasmania,Canola,0.892,1.359,1.5235426008968609
2006-07,2006,Tasmania,Canola,0.892,0.443,0.4966367713004484
2007-08,2007,Tasmania,Canola,0.808,1.149,1.422029702970297
2008-09,2008,Tasmania,Canola,1.662,2.063,1.2412755716004815
2009-10,2009,Tasmania,Canola,1.252,2.197,1.7547923322683707
2010-11,2010,Tasmania,Canola,0.71,1.065,1.5
2011-12,2011,Tasmania,Canola,0.714,0.784,1.0980392156862746
2012-13,2012,Tasmania,Canola,0.556,0.851,1.5305755395683451
2013-14,2013,Tasmania,Canola,1.244,2.543,2.044212218649518
2014-15,2014,Tasmania,Canola,1.13,1.821,1.611504424778761
2015-16,2015,Tasmania,Canola,0.983,1.983,2.017293997965412
2016-17,2016,Tasmania,Canola,1.316,2.852,2.167173252279635
2017-18,2017,Tasmania,Canola,1.374,3.519,2.561135371179039
2018-19,2018,Tasmania,Canola,0.928,2.686,2.894396551724138
2019-20,2019,Tasmania,Canola,0.648,1.748,2.697530864197531
2020-21,2020,Tasmania,Canola,1.324,4.303,3.25
2021-22,2021,Tasmania,Canola,3.601,9.799,2.721188558733685
1989-90,1989,Tasmania,Lupins,0.703,0.863,1.2275960170697013
1990-91,1990,Tasmania,Lupins,0.697,1.052,1.5093256814921092
1991-92,1991,Tasmania,Lupins,0.727,1.126,1.5488308115543328
1992-93,1992,Tasmania,Lupins,0.436,0.761,1.7454128440366974
1993-94,1993,Tasmania,Lupins,0.664,0.951,1.4322289156626504
1994-95,1994,Tasmania,Lupins,0.526,0.336,0.6387832699619772
1995-96,1995,Tasmania,Lupins,0.255,0.291,1.1411764705882352
2002-03,2002,Tasmania,Lupins,0.45,0.5,1.1111111111111112
2003-04,2003,Tasmania,Lupins,1.5,1.0,0.6666666666666666
2004-05,2004,Tasmania,Lupins,0.3,1.0,3.3333333333333335
2005-06,2005,Tasmania,Lupins,0.356,0.957,2.688202247191011
2006-07,2006,Tasmania,Lupins,0.289,0.387,1.3391003460207613
2007-08,2007,Tasmania,Lupins,0.234,0.555,2.371794871794872
2010-11,2010,Tasmania,Lupins,0.101,0.205,2.0297029702970293
2011-12,2011,Tasmania,Lupins,0.108,0.059,0.5462962962962963
2015-16,2015,Tasmania,Lupins,0.017,0.032,1.8823529411764706
2016-17,2016,Tasmania,Lupins,0.081,0.088,1.0864197530864197
2017-18,2017,Tasmania,Lupins,0.441,0.94,2.131519274376417
2018-19,2018,Tasmania,Lupins,0.18,0.435,2.416666666666667
2019-20,2019,Tasmania,Lupins,0.363,2.012,5.542699724517907
2020-21,2020,Tasmania,Lupins,0.039,0.069,1.7692307692307694
1989-90,1989,Tasmania,Oats,7.6,12.8,1.6842105263157896
1990-91,1990,Tasmania,Oats,9.3,18.8,2.021505376344086
1991-92,1991,Tasmania,Oats,9.1,18.6,2.0439560439560442
1992-93,1992,Tasmania,Oats,9.2,19.0,2.065217391304348
1993-94,1993,Tasmania,Oats,6.651,12.744,1.916102841677943
1994-95,1994,Tasmania,Oats,8.316,11.287,1.3572631072631072
1995-96,1995,Tasmania,Oats,10.069,18.445,1.831860164862449
1996-97,1996,Tasmania,Oats,8.111,13.983,1.7239551226729133
1997-98,1997,Tasmania,Oats,7.974,14.898,1.8683220466516177
1998-99,1998,Tasmania,Oats,7.961,14.402,1.809069212410501
1999-00,1999,Tasmania,Oats,6.27,9.731,1.5519936204146731
2000-01,2000,Tasmania,Oats,6.615,12.616,1.9071806500377928
2001-02,2001,Tasmania,Oats,5.641,11.933,2.1154050700230456
2002-03,2002,Tasmania,Oats,3.854,7.453,1.9338349766476388
2003-04,2003,Tasmania,Oats,4.078,6.619,1.6230995586071602
2004-05,2004,Tasmania,Oats,4.048,9.096,2.2470355731225298
2005-06,2005,Tasmania,Oats,4.28,8.491,1.983878504672897
2006-07,2006,Tasmania,Oats,3.565,3.43,0.9621318373071529
2007-08,2007,Tasmania,Oats,4.23,7.856,1.8572104018912527
2008-09,2008,Tasmania,Oats,3.742,6.481,1.7319615179048637
2009-10,2009,Tasmania,Oats,3.656,6.621,1.8109956236323852
2010-11,2010,Tasmania,Oats,3.367,6.956,2.065934065934066
2011-12,2011,Tasmania,Oats,3.425,7.624,2.225985401459854
2012-13,2012,Tasmania,Oats,3.665,7.393,2.01718963165075
2013-14,2013,Tasmania,Oats,4.318,11.697,2.7088930060213063
2014-15,2014,Tasmania,Oats,3.647,6.287,1.72388264326844
2015-16,2015,Tasmania,Oats,1.875,4.496,2.397866666666667
2016-17,2016,Tasmania,Oats,2.624,5.254,2.0022865853658534
2017-18,2017,Tasmania,Oats,2.714,6.036,2.224023581429624
2018-19,2018,Tasmania,Oats,2.254,5.063,2.2462289263531496
2019-20,2019,Tasmania,Oats,2.371,2.797,1.1796710248840152
2020-21,2020,Tasmania,Oats,2.404,7.221,3.0037437603993347
2021-22,2021,Tasmania,Oats,1.948,6.577,3.3762833675564683
1989-90,1989,Tasmania,Wheat,0.8,2.7,3.375
1990-91,1990,Tasmania,Wheat,0.6,2.4,4.0
1991-92,1991,Tasmania,Wheat,1.2,3.2,2.666666666666667
1992-93,1992,Tasmania,Wheat,1.5,5.5,3.6666666666666665
1993-94,1993,Tasmania,Wheat,1.6,5.3,3.3124999999999996
1994-95,1994,Tasmania,Wheat,1.3,2.8,2.1538461538461537
1995-96,1995,Tasmania,Wheat,1.1,4.1,3.7272727272727266
1996-97,1996,Tasmania,Wheat,1.9,7.5,3.947368421052632
1997-98,1997,Tasmania,Wheat,2.8,11.7,4.178571428571429
1998-99,1998,Tasmania,Wheat,4.0,17.5,4.375
1999-00,1999,Tasmania,Wheat,6.3,19.8,3.1428571428571432
2000-01,2000,Tasmania,Wheat,6.6,25.6,3.8787878787878793
2001-02,2001,Tasmania,Wheat,5.9,25.3,4.288135593220339
2002-03,2002,Tasmania,Wheat,7.4,25.3,3.418918918918919
2003-04,2003,Tasmania,Wheat,7.7,26.1,3.3896103896103895
2004-05,2004,Tasmania,Wheat,7.4,30.5,4.121621621621621
2005-06,2005,Tasmania,Wheat,7.9,34.0,4.30379746835443
2006-07,2006,Tasmania,Wheat,7.2,17.7,2.458333333333333
2007-08,2007,Tasmania,Wheat,7.1,26.8,3.774647887323944
2008-09,2008,Tasmania,Wheat,8.6,34.9,4.058139534883721
2009-10,2009,Tasmania,Wheat,7.2,27.3,3.7916666666666665
2010-11,2010,Tasmania,Wheat,8.1,31.9,3.9382716049382718
2011-12,2011,Tasmania,Wheat,6.617,32.252,4.8741121354087955
2012-13,2012,Tasmania,Wheat,5.99,30.44,5.081803005008347
2013-14,2013,Tasmania,Wheat,8.176,43.484,5.318493150684931
2014-15,2014,Tasmania,Wheat,8.326,44.237,5.313115541676676
2015-16,2015,Tasmania,Wheat,10.545,53.361,5.060312944523471
2016-17,2016,Tasmania,Wheat,10.303,55.78,5.413957099873823
2017-18,2017,Tasmania,Wheat,7.358,40.289,5.475536830660506
2018-19,2018,Tasmania,Wheat,7.6,40.1,5.276315789473685
2019-20,2019,Tasmania,Wheat,7.182,43.805,6.09927596769702
2020-21,2020,Tasmania,Wheat,8.173,56.295,6.887923651046128
2021-22,2021,Tasmania,Wheat,9.303,69.983,7.522627109534558
1989-90,1989,Victoria,Barley,388.7,696.0,1.7905839979418576
1990-91,1990,Victoria,Barley,463.0,650.6,1.4051835853131749
1991-92,1991,Victoria,Barley,533.9,897.9,1.681775613410751
1992-93,1992,Victoria,Barley,551.5,1116.3,2.0241160471441524
1993-94,1993,Victoria,Barley,639.493,1386.229,2.167700037373357
1994-95,1994,Victoria,Barley,492.251,448.147,0.9104034323952618
1995-96,1995,Victoria,Barley,627.519,1341.658,2.138035661071617
1996-97,1996,Victoria,Barley,584.68,1189.37,2.0342238489430113
1997-98,1997,Victoria,Barley,618.109,928.254,1.5017642519361472
1998-99,1998,Victoria,Barley,568.142,869.835,1.531016893663908
1999-00,1999,Victoria,Barley,585.256,1189.294,2.0320919392539336
2000-01,2000,Victoria,Barley,693.206,1670.464,2.409765639651128
2001-02,2001,Victoria,Barley,700.117,1655.72,2.3649190063946457
2002-03,2002,Victoria,Barley,777.519,478.418,0.6153135807613704
2003-04,2003,Victoria,Barley,871.619,2274.511,2.6095243449259367
2004-05,2004,Victoria,Barley,924.283,1305.077,1.4119885359786992
2005-06,2005,Victoria,Barley,866.471,2003.56,2.3123220511707836
2006-07,2006,Victoria,Barley,912.97,604.518,0.6621444297183916
2007-08,2007,Victoria,Barley,1106.924,1789.223,1.6163919112784617
2008-09,2008,Victoria,Barley,1136.146,1461.36,1.286243141286419
2009-10,2009,Victoria,Barley,976.312,1864.504,1.9097419677316267
2010-11,2010,Victoria,Barley,801.613,1944.915,2.4262518197683915
2011-12,2011,Victoria,Barley,831.249,2005.065,2.4121111724645683
2012-13,2012,Victoria,Barley,854.143,1952.219,2.2855880104385333
2013-14,2013,Victoria,Barley,918.67,2035.814,2.2160449345249114
2014-15,2014,Victoria,Barley,916.076,1373.833,1.4996932568913497
2015-16,2015,Victoria,Barley,844.47,1107.38,1.311331367603349
2016-17,2016,Victoria,Barley,946.126,3082.85,3.2583926453770427
2017-18,2017,Victoria,Barley,843.675,2109.687,2.5005920526269003
2018-19,2018,Victoria,Barley,892.809,1337.317,1.4978758054634307
2019-20,2019,Victoria,Barley,1101.69,3116.609,2.8289346367853025
2020-21,2020,Victoria,Barley,1011.883,2918.48,2.8842069685922187
2021-22,2021,Victoria,Barley,870.238,2270.503,2.6090598204169435
1989-90,1989,Victoria,Canola,12.393,16.612,1.3404341160332445
1990-91,1990,Victoria,Canola,10.234,9.544,0.932577682235685
1991-92,1991,Victoria,Canola,22.957,26.481,1.153504377749706
1992-93,1992,Victoria,Canola,18.459,23.543,1.2754212037488488
1993-94,1993,Victoria,Canola,29.151,46.835,1.6066344207745875
1994-95,1994,Victoria,Canola,74.467,56.728,0.761787100326319
1995-96,1995,Victoria,Canola,76.227,119.556,1.5684206383564878
1996-97,1996,Victoria,Canola,92.156,131.604,1.4280567732974523
1997-98,1997,Victoria,Canola,116.501,135.849,1.1660758276752987
1998-99,1998,Victoria,Canola,204.955,257.418,1.2559732624234587
1999-00,1999,Victoria,Canola,304.075,423.273,1.392001973197402
2000-01,2000,Victoria,Canola,260.652,379.746,1.4569080613231435
2001-02,2001,Victoria,Canola,238.467,347.379,1.4567172816364529
2002-03,2002,Victoria,Canola,247.819,176.704,0.7130365306937725
2003-04,2003,Victoria,Canola,239.287,384.126,1.6052940611065372
2004-05,2004,Victoria,Canola,284.194,342.488,1.2051204458925944
2005-06,2005,Victoria,Canola,190.968,272.562,1.4272653009928367
2006-07,2006,Victoria,Canola,178.536,42.029,0.23540910516646504
2007-08,2007,Victoria,Canola,195.663,220.487,1.1268712020157106
2008-09,2008,Victoria,Canola,284.692,233.183,0.8190711365264918
2009-10,2009,Victoria,Canola,231.168,331.432,1.4337278516057586
2010-11,2010,Victoria,Canola,323.478,476.202,1.4721310259121176
2011-12,2011,Victoria,Canola,477.356,688.553,1.4424308063583573
2012-13,2012,Victoria,Canola,589.199,866.187,1.4701094197376439
2013-14,2013,Victoria,Canola,439.403,710.049,1.615940264404203
2014-15,2014,Victoria,Canola,483.265,558.683,1.1560593049362151
2015-16,2015,Victoria,Canola,276.634,287.379,1.0388419355538365
2016-17,2016,Victoria,Canola,326.6,632.703,1.9372412737293323
2017-18,2017,Victoria,Canola,541.926,937.959,1.730787967360857
2018-19,2018,Victoria,Canola,414.43,510.735,1.2323794126873056
2019-20,2019,Victoria,Canola,404.643,731.091,1.8067555845523091
2020-21,2020,Victoria,Canola,493.863,1127.092,2.2821956696492753
2021-22,2021,Victoria,Canola,569.135,1302.84,2.2891581083574195
1989-90,1989,Victoria,Lupins,35.906,41.198,1.1473848381886036
1990-91,1990,Victoria,Lupins,33.286,29.644,0.8905846301748482
1991-92,1991,Victoria,Lupins,36.716,40.526,1.1037694737988888
1992-93,1992,Victoria,Lupins,52.585,82.468,1.5682799277360464
1993-94,1993,Victoria,Lupins,55.142,59.531,1.0795945014689348
1994-95,1994,Victoria,Lupins,64.402,22.981,0.35683674420049066
1995-96,1995,Victoria,Lupins,50.521,62.027,1.227746877536074
1996-97,1996,Victoria,Lupins,42.667,51.773,1.2134202076546277
1997-98,1997,Victoria,Lupins,41.192,32.899,0.7986744999028937
1998-99,1998,Victoria,Lupins,41.565,45.659,1.0984963310477565
1999-00,1999,Victoria,Lupins,35.053,45.054,1.2853108150514936
2000-01,2000,Victoria,Lupins,33.647,46.539,1.3831545160043988
2001-02,2001,Victoria,Lupins,32.731,40.716,1.2439583269683174
2002-03,2002,Victoria,Lupins,40.213,11.431,0.2842613085320667
2003-04,2003,Victoria,Lupins,28.327,31.841,1.1240512585166096
2004-05,2004,Victoria,Lupins,34.881,20.164,0.578079756887704
2005-06,2005,Victoria,Lupins,27.088,36.099,1.332656526875369
2006-07,2006,Victoria,Lupins,43.33,11.152,0.25737364412647123
2007-08,2007,Victoria,Lupins,48.325,30.572,0.632633212622866
2008-09,2008,Victoria,Lupins,35.895,17.763,0.49486000835771
2009-10,2009,Victoria,Lupins,36.151,33.03,0.913667671710326
2010-11,2010,Victoria,Lupins,42.125,64.509,1.5313709198813057
2011-12,2011,Victoria,Lupins,45.736,42.133,0.9212217946475425
2012-13,2012,Victoria,Lupins,29.2,26.3,0.9006849315068494
2013-14,2013,Victoria,Lupins,28.15,29.3,1.0408525754884548
2014-15,2014,Victoria,Lupins,31.9,26.3,0.8244514106583073
2015-16,2015,Victoria,Lupins,45.822,31.148,0.679760813582995
2016-17,2016,Victoria,Lupins,33.0,60.0,1.8181818181818181
2017-18,2017,Victoria,Lupins,49.091,52.215,1.0636369191908905
2018-19,2018,Victoria,Lupins,49.791,24.442,0.49089192826012734
2019-20,2019,Victoria,Lupins,42.588,39.148,0.9192260730722269
2020-21,2020,Victoria,Lupins,36.779,47.151,1.2820087549960575
2021-22,2021,Victoria,Lupins,38.0,39.0,1.0263157894736843
1989-90,1989,Victoria,Oats,188.6,330.4,1.7518557794273595
1990-91,1990,Victoria,Oats,177.1,301.1,1.70016939582157
1991-92,1991,Victoria,Oats,182.8,300.4,1.6433260393873084
1992-93,1992,Victoria,Oats,222.9,403.8,1.8115746971736204
1993-94,1993,Victoria,Oats,185.84,362.006,1.9479444683598792
1994-95,1994,Victoria,Oats,147.738,200.605,1.3578429381743355
1995-96,1995,Victoria,Oats,186.972,391.651,2.09470401985324
1996-97,1996,Victoria,Oats,174.556,304.045,1.741819244253993
1997-98,1997,Victoria,Oats,172.331,369.076,2.141669229564037
1998-99,1998,Victoria,Oats,187.985,458.016,2.436449716732718
1999-00,1999,Victoria,Oats,138.261,296.26,2.1427589848185677
2000-01,2000,Victoria,Oats,139.86,351.382,2.512383812383812
2001-02,2001,Victoria,Oats,141.97,333.916,2.352018031978587
2002-03,2002,Victoria,Oats,188.061,250.087,1.3298185163324665
2003-04,2003,Victoria,Oats,194.3,507.273,2.610772002058672
2004-05,2004,Victoria,Oats,149.855,284.45,1.8981682292883122
2005-06,2005,Victoria,Oats,151.292,328.122,2.1687994077677604
2006-07,2006,Victoria,Oats,176.088,134.178,0.7619940029985007
2007-08,2007,Victoria,Oats,210.464,334.681,1.5902054508134407
2008-09,2008,Victoria,Oats,190.8,236.299,1.238464360587002
2009-10,2009,Victoria,Oats,168.432,300.109,1.7817813717108388
2010-11,2010,Victoria,Oats,165.929,236.978,1.428189165245376
2011-12,2011,Victoria,Oats,131.097,234.09,1.7856243849973683
2012-13,2012,Victoria,Oats,117.098,233.159,1.9911441698406462
2013-14,2013,Victoria,Oats,105.717,213.071,2.015484737554036
2014-15,2014,Victoria,Oats,133.208,179.468,1.3472764398534622
2015-16,2015,Victoria,Oats,140.44,185.291,1.3193605810310454
2016-17,2016,Victoria,Oats,161.869,492.994,3.0456356683490973
2017-18,2017,Victoria,Oats,97.126,188.467,1.9404381936865516
2018-19,2018,Victoria,Oats,134.213,165.344,1.2319521953909085
2019-20,2019,Victoria,Oats,108.271,197.027,1.8197578298898134
2020-21,2020,Victoria,Oats,131.074,334.292,2.5504066405236734
2021-22,2021,Victoria,Oats,93.372,233.846,2.504455297091205
1989-90,1989,Victoria,Wheat,952.3,1961.4,2.059645069830936
1990-91,1990,Victoria,Wheat,911.5,1493.0,1.6379594075699397
1991-92,1991,Victoria,Wheat,664.1,1150.4,1.732269236560759
1992-93,1992,Victoria,Wheat,821.2,2015.1,2.453848027277155
1993-94,1993,Victoria,Wheat,779.9,2021.9,2.5925118604949353
1994-95,1994,Victoria,Wheat,821.8,933.6,1.1360428328060357
1995-96,1995,Victoria,Wheat,853.4,1921.2,2.2512303726271385
1996-97,1996,Victoria,Wheat,962.6,2262.3,2.3501973820901725
1997-98,1997,Victoria,Wheat,856.8,1502.8,1.753968253968254
1998-99,1998,Victoria,Wheat,948.6,1462.3,1.5415348935273032
1999-00,1999,Victoria,Wheat,1234.6,2642.1,2.1400453588206707
2000-01,2000,Victoria,Wheat,1142.6,3079.7,2.6953439523892877
2001-02,2001,Victoria,Wheat,1136.4,2791.4,2.4563533966913056
2002-03,2002,Victoria,Wheat,1238.9,890.2,0.718540640891113
2003-04,2003,Victoria,Wheat,1409.2,3145.5,2.232117513482827
2004-05,2004,Victoria,Wheat,1327.0,1927.1,1.4522230595327807
2005-06,2005,Victoria,Wheat,1314.6,2908.9,2.212764338962422
2006-07,2006,Victoria,Wheat,1347.3,879.3,0.6526386105544422
2007-08,2007,Victoria,Wheat,1514.0,1995.3,1.317899603698811
2008-09,2008,Victoria,Wheat,1533.6,1755.7,1.1448226395409495
2009-10,2009,Victoria,Wheat,1801.1,2994.9,1.6628171672866583
2010-11,2010,Victoria,Wheat,1793.1,4412.4,2.4607662707043665
2011-12,2011,Victoria,Wheat,1668.929,3943.311,2.362779363292267
2012-13,2012,Victoria,Wheat,1591.922,3422.865,2.1501461755035733
2013-14,2013,Victoria,Wheat,1535.818,3395.892,2.2111291832756224
2014-15,2014,Victoria,Wheat,1492.657,2631.301,1.7628303086375503
2015-16,2015,Victoria,Wheat,1341.512,1814.868,1.3528526021384826
2016-17,2016,Victoria,Wheat,1454.196,4664.824,3.2078371828831878
2017-18,2017,Victoria,Wheat,1446.793,3682.083,2.54499641621158
2018-19,2018,Victoria,Wheat,1402.863,2276.598,1.6228227560353363
2019-20,2019,Victoria,Wheat,1428.857,3714.313,2.5994994600579346
2020-21,2020,Victoria,Wheat,1413.422,4525.002,3.201451512711703
2021-22,2021,Victoria,Wheat,1444.578,4246.433,2.9395664339343393
1989-90,1989,Western Australia,Barley,421.412,628.051,1.4903491120328802
1990-91,1990,Western Australia,Barley,497.685,742.242,1.4913891316796768
1991-92,1991,Western Australia,Barley,554.497,899.637,1.622437993352534
1992-93,1992,Western Australia,Barley,611.079,1060.853,1.7360324933437414
1993-94,1993,Western Australia,Barley,799.261,1381.393,1.728337802044639
1994-95,1994,Western Australia,Barley,579.127,914.911,1.579810646024102
1995-96,1995,Western Australia,Barley,744.527,1322.812,1.7767146120960016
1996-97,1996,Western Australia,Barley,909.306,1635.344,1.7984528860471611
1997-98,1997,Western Australia,Barley,1036.001,1926.272,1.8593341126118603
1998-99,1998,Western Australia,Barley,811.391,1468.625,1.8100089845709406
1999-00,1999,Western Australia,Barley,550.133,1117.271,2.0309107070472048
2000-01,2000,Western Australia,Barley,982.921,1358.391,1.3819940768383217
2001-02,2001,Western Australia,Barley,1087.539,2262.831,2.080689520099969
2002-03,2002,Western Australia,Barley,1140.058,1349.023,1.183293306130039
2003-04,2003,Western Australia,Barley,1278.016,3169.877,2.480310888126596
2004-05,2004,Western Australia,Barley,1313.384,2489.194,1.8952522643796483
2005-06,2005,Western Australia,Barley,1128.979,2399.764,2.1256055249920505
2006-07,2006,Western Australia,Barley,1082.957,1808.41,1.6698816296491918
2007-08,2007,Western Australia,Barley,1380.935,2719.379,1.9692302678981994
2008-09,2008,Western Australia,Barley,1558.808,3007.447,1.9293248430852292
2009-10,2009,Western Australia,Barley,1419.759,2553.729,1.7987059775637977
2010-11,2010,Western Australia,Barley,1101.075,1548.587,1.406431896101537
2011-12,2011,Western Australia,Barley,1246.313,2761.114,2.215425819998668
2012-13,2012,Western Australia,Barley,1215.047,2251.68,1.8531628817650674
2013-14,2013,Western Australia,Barley,1257.903,3555.662,2.826658335340642
2014-15,2014,Western Australia,Barley,1308.458,3192.452,2.43985821478412
2015-16,2015,Western Australia,Barley,1383.931,3247.933,2.3468894041682713
2016-17,2016,Western Australia,Barley,1693.705,4119.831,2.4324371717624973
2017-18,2017,Western Australia,Barley,1531.074,3774.555,2.4652988686373094
2018-19,2018,Western Australia,Barley,1897.361,4798.004,2.528777602153728
2019-20,2019,Western Australia,Barley,1906.858,3996.15,2.095672567123509
2020-21,2020,Western Australia,Barley,1844.27,4611.219,2.5002949676565795
2021-22,2021,Western Australia,Barley,1884.241,5758.301,3.056032110542123
1989-90,1989,Western Australia,Canola,0.576,0.608,1.0555555555555556
1990-91,1990,Western Australia,Canola,2.002,1.866,0.9320679320679323
1991-92,1991,Western Australia,Canola,16.702,15.424,0.923482217698479
1992-93,1992,Western Australia,Canola,11.616,11.5,0.9900137741046833
1993-94,1993,Western Australia,Canola,35.844,47.312,1.3199419707621916
1994-95,1994,Western Australia,Canola,104.067,107.875,1.0365918110448078
1995-96,1995,Western Australia,Canola,99.362,116.862,1.1761236690082728
1996-97,1996,Western Australia,Canola,106.544,107.939,1.0130931821594833
1997-98,1997,Western Australia,Canola,247.829,269.567,1.0877137058213526
1998-99,1998,Western Australia,Canola,536.492,614.807,1.1459760816563902
1999-00,1999,Western Australia,Canola,878.797,963.21,1.0960551754273171
2000-01,2000,Western Australia,Canola,517.326,352.55,0.6814851756919235
2001-02,2001,Western Australia,Canola,393.911,418.657,1.062821297196575
2002-03,2002,Western Australia,Canola,348.694,299.108,0.8577950868096382
2003-04,2003,Western Australia,Canola,358.152,526.637,1.4704287565056176
2004-05,2004,Western Australia,Canola,428.276,488.286,1.1401199226666916
2005-06,2005,Western Australia,Canola,437.094,616.654,1.4108040833321893
2006-07,2006,Western Australia,Canola,410.617,391.608,0.9537062518112985
2007-08,2007,Western Australia,Canola,595.122,752.046,1.2636837488783814
2008-09,2008,Western Australia,Canola,919.515,1175.095,1.2779508762771679
2009-10,2009,Western Australia,Canola,981.44,1031.289,1.0507916938376263
2010-11,2010,Western Australia,Canola,1056.561,714.881,0.6766111942424526
2011-12,2011,Western Australia,Canola,969.034,1231.854,1.2712185537349567
2012-13,2012,Western Australia,Canola,1319.791,1364.204,1.0336515402817568
2013-14,2013,Western Australia,Canola,1307.491,1776.636,1.3588131772991172
2014-15,2014,Western Australia,Canola,1396.952,1640.898,1.1746273315045899
2015-16,2015,Western Australia,Canola,1093.647,1327.849,1.2141477094528674
2016-17,2016,Western Australia,Canola,1349.373,2047.893,1.5176626477630721
2017-18,2017,Western Australia,Canola,1530.626,1723.59,1.1260686803961255
2018-19,2018,Western Australia,Canola,1129.414,1346.145,1.191896859787465
2019-20,2019,Western Australia,Canola,1148.202,1117.074,0.9728897876854422
2020-21,2020,Western Australia,Canola,1183.635,1689.347,1.4272533340092173
2021-22,2021,Western Australia,Canola,1512.566,2953.842,1.9528681723640489
1989-90,1989,Western Australia,Lupins,676.277,619.03,0.9153497753139614
1990-91,1990,Western Australia,Lupins,664.841,624.213,0.9388906520506406
1991-92,1991,Western Australia,Lupins,786.634,873.836,1.1108546032843736
1992-93,1992,Western Australia,Lupins,822.847,826.53,1.004475923227526
1993-94,1993,Western Australia,Lupins,928.671,1181.094,1.271811007342751
1994-95,1994,Western Australia,Lupins,1152.127,982.182,0.852494560061521
1995-96,1995,Western Australia,Lupins,1100.273,1290.0,1.172436295355789
1996-97,1996,Western Australia,Lupins,1080.413,1271.677,1.1770285992486205
1997-98,1997,Western Australia,Lupins,1207.241,1347.041,1.1158012360415195
1998-99,1998,Western Australia,Lupins,1179.998,1372.251,1.162926547333131
1999-00,1999,Western Australia,Lupins,1104.418,1602.599,1.4510801164052016
2000-01,2000,Western Australia,Lupins,987.273,783.386,0.7934846795162026
2001-02,2001,Western Australia,Lupins,919.787,903.821,0.9826416333346742
2002-03,2002,Western Australia,Lupins,795.429,586.808,0.737725177231406
2003-04,2003,Western Australia,Lupins,667.158,969.273,1.4528387578354753
2004-05,2004,Western Australia,Lupins,676.497,792.23,1.1710768857807206
2005-06,2005,Western Australia,Lupins,672.342,1064.202,1.5828283819841689
2006-07,2006,Western Australia,Lupins,529.799,409.055,0.7720947000654966
2007-08,2007,Western Australia,Lupins,546.068,533.128,0.9763033175355451
2008-09,2008,Western Australia,Lupins,444.35,600.489,1.3513874198267133
2009-10,2009,Western Australia,Lupins,500.135,631.124,1.261907285033041
2010-11,2010,Western Australia,Lupins,522.07,397.505,0.7614017277376596
2011-12,2011,Western Australia,Lupins,500.912,781.876,1.5609049094451721
2012-13,2012,Western Australia,Lupins,302.8,295.2,0.974900924702774
2013-14,2013,Western Australia,Lupins,246.0,461.4,1.8756097560975609
2014-15,2014,Western Australia,Lupins,287.0,382.3,1.33205574912892
2015-16,2015,Western Australia,Lupins,331.493,457.262,1.3794016766568222
2016-17,2016,Western Australia,Lupins,360.5,805.0,2.233009708737864
2017-18,2017,Western Australia,Lupins,402.0,532.398,1.3243731343283582
2018-19,2018,Western Australia,Lupins,510.244,712.765,1.3969101057533257
2019-20,2019,Western Australia,Lupins,533.164,485.005,0.9096731962398061
2020-21,2020,Western Australia,Lupins,426.544,599.452,1.4053696687797743
2021-22,2021,Western Australia,Lupins,350.0,750.0,2.142857142857143
1989-90,1989,Western Australia,Oats,339.9,529.4,1.5575169167402176
1990-91,1990,Western Australia,Oats,324.1,496.8,1.5328602283245911
1991-92,1991,Western Australia,Oats,367.2,614.3,1.6729302832244008
1992-93,1992,Western Australia,Oats,331.6,577.9,1.7427623642943304
1993-94,1993,Western Australia,Oats,268.492,511.105,1.9036135154864948
1994-95,1994,Western Australia,Oats,256.462,424.765,1.6562492688975365
1995-96,1995,Western Australia,Oats,300.411,584.786,1.9466197975440311
1996-97,1996,Western Australia,Oats,316.31,546.06,1.7263444089658877
1997-98,1997,Western Australia,Oats,304.902,596.077,1.9549789768515786
1998-99,1998,Western Australia,Oats,228.373,463.356,2.0289438769031367
1999-00,1999,Western Australia,Oats,199.431,438.667,2.1995928416344497
2000-01,2000,Western Australia,Oats,248.253,316.993,1.2768949418536735
2001-02,2001,Western Australia,Oats,286.63,556.89,1.9428880438195584
2002-03,2002,Western Australia,Oats,313.857,476.728,1.5189337819452806
2003-04,2003,Western Australia,Oats,343.897,751.532,2.1853403780783203
2004-05,2004,Western Australia,Oats,243.025,460.295,1.8940232486369715
2005-06,2005,Western Australia,Oats,270.6,591.349,2.1853252032520327
2006-07,2006,Western Australia,Oats,299.017,441.028,1.4749261747659832
2007-08,2007,Western Australia,Oats,396.82,839.516,2.115609092283655
2008-09,2008,Western Australia,Oats,294.937,568.278,1.9267775830092528
2009-10,2009,Western Australia,Oats,263.274,493.253,1.873534796447807
2010-11,2010,Western Australia,Oats,254.86,283.297,1.1115789060660755
2011-12,2011,Western Australia,Oats,287.544,661.965,2.302134629830565
2012-13,2012,Western Australia,Oats,258.172,502.281,1.9455285623537795
2013-14,2013,Western Australia,Oats,259.814,661.401,2.545671133965067
2014-15,2014,Western Australia,Oats,233.23,557.595,2.39075161857394
2015-16,2015,Western Australia,Oats,299.755,601.41,2.0063385097829896
2016-17,2016,Western Australia,Oats,402.883,1035.754,2.5708555585616666
2017-18,2017,Western Australia,Oats,306.385,697.234,2.275679292393557
2018-19,2018,Western Australia,Oats,315.929,687.05,2.1746974794969756
2019-20,2019,Western Australia,Oats,298.52,643.167,2.1545189602036716
2020-21,2020,Western Australia,Oats,379.412,688.251,1.8139937587635604
2021-22,2021,Western Australia,Oats,369.635,937.443,2.5361315892704965
1989-90,1989,Western Australia,Wheat,3476.4,4800.0,1.380738695201933
1990-91,1990,Western Australia,Wheat,3632.2,5449.1,1.5002202521887562
1991-92,1991,Western Australia,Wheat,3229.9,4736.0,1.4662992662311527
1992-93,1992,Western Australia,Wheat,3669.3,5978.9,1.629438857547761
1993-94,1993,Western Australia,Wheat,3852.4,6689.3,1.7363980895026476
1994-95,1994,Western Australia,Wheat,3848.3,5437.9,1.4130655094457292
1995-96,1995,Western Australia,Wheat,3892.4,6826.7,1.753853663549481
1996-97,1996,Western Australia,Wheat,4263.7,7516.0,1.7627881886624295
1997-98,1997,Western Australia,Wheat,4204.9,7724.5,1.8370234726152823
1998-99,1998,Western Australia,Wheat,4515.3,8170.1,1.8094257302947756
1999-00,1999,Western Australia,Wheat,4556.2,9004.1,1.9762301918265222
2000-01,2000,Western Australia,Wheat,4460.3,5814.4,1.3035894446561889
2001-02,2001,Western Australia,Wheat,4349.9,7759.9,1.7839260672659143
2002-03,2002,Western Australia,Wheat,4457.7,4046.9,0.9078448527267425
2003-04,2003,Western Australia,Wheat,4917.0,11070.0,2.25137278828554
2004-05,2004,Western Australia,Wheat,5118.3,8618.9,1.683938026297794
2005-06,2005,Western Australia,Wheat,4752.7,9088.1,1.9121972773370928
2006-07,2006,Western Australia,Wheat,4037.0,5134.3,1.2718107505573446
2007-08,2007,Western Australia,Wheat,4258.2,5820.2,1.3668216617350055
2008-09,2008,Western Australia,Wheat,4541.9,8274.0,1.8217045729760675
2009-10,2009,Western Australia,Wheat,5005.9,8114.1,1.6209073293513656
2010-11,2010,Western Australia,Wheat,4639.5,5004.6,1.0786938247655997
2011-12,2011,Western Australia,Wheat,5155.761,11045.107,2.142284524049893
2012-13,2012,Western Australia,Wheat,4909.209,6744.055,1.373755935019267
2013-14,2013,Western Australia,Wheat,5114.891,9976.941,1.950567666055836
2014-15,2014,Western Australia,Wheat,5038.134,8824.41,1.7515234807172655
2015-16,2015,Western Australia,Wheat,4615.761,8510.577,1.8438079874586224
2016-17,2016,Western Australia,Wheat,4677.774,9644.881,2.0618527102848487
2017-18,2017,Western Australia,Wheat,4056.574,7698.552,1.8977965149902354
2018-19,2018,Western Australia,Wheat,4369.2,9979.22,2.2839924929048796
2019-20,2019,Western Australia,Wheat,4132.709,5842.187,1.4136458676379102
2020-21,2020,Western Australia,Wheat,4387.514,8792.706,2.0040291609325918
2021-22,2021,Western Australia,Wheat,4718.004,12919.145,2.7382649527215324
